Sample	R1	R2
ER100001	/data/projects/mohd/data/Molecular/3_RNA/MOHD_ER100001/MOHD_ER100001_R1.fastq.gz	/data/projects/mohd/data/Molecular/3_RNA/MOHD_ER100001/MOHD_ER100001_R2.fastq.gz
ER100002	/data/projects/mohd/data/Molecular/3_RNA/MOHD_ER100002/MOHD_ER100002_R1.fastq.gz	/data/projects/mohd/data/Molecular/3_RNA/MOHD_ER100002/MOHD_ER100002_R2.fastq.gz
ER100003	/data/projects/mohd/data/Molecular/3_RNA/MOHD_ER100003/MOHD_ER100003_R1.fastq.gz	/data/projects/mohd/data/Molecular/3_RNA/MOHD_ER100003/MOHD_ER100003_R2.fastq.gz
ER100004	/data/projects/mohd/data/Molecular/3_RNA/MOHD_ER100004/MOHD_ER100004_R1.fastq.gz	/data/projects/mohd/data/Molecular/3_RNA/MOHD_ER100004/MOHD_ER100004_R2.fastq.gz
ER100005	/data/projects/mohd/data/Molecular/3_RNA/MOHD_ER100005/MOHD_ER100005_R1.fastq.gz	/data/projects/mohd/data/Molecular/3_RNA/MOHD_ER100005/MOHD_ER100005_R2.fastq.gz
ER100006	/data/projects/mohd/data/Molecular/3_RNA/MOHD_ER100006/MOHD_ER100006_R1.fastq.gz	/data/projects/mohd/data/Molecular/3_RNA/MOHD_ER100006/MOHD_ER100006_R2.fastq.gz
ER100007	/data/projects/mohd/data/Molecular/3_RNA/MOHD_ER100007/MOHD_ER100007_R1.fastq.gz	/data/projects/mohd/data/Molecular/3_RNA/MOHD_ER100007/MOHD_ER100007_R2.fastq.gz
ER100008	/data/projects/mohd/data/Molecular/3_RNA/MOHD_ER100008/MOHD_ER100008_R1.fastq.gz	/data/projects/mohd/data/Molecular/3_RNA/MOHD_ER100008/MOHD_ER100008_R2.fastq.gz
ER100009	/data/projects/mohd/data/Molecular/3_RNA/MOHD_ER100009/MOHD_ER100009_R1.fastq.gz	/data/projects/mohd/data/Molecular/3_RNA/MOHD_ER100009/MOHD_ER100009_R2.fastq.gz
ER100010	/data/projects/mohd/data/Molecular/3_RNA/MOHD_ER100010/MOHD_ER100010_R1.fastq.gz	/data/projects/mohd/data/Molecular/3_RNA/MOHD_ER100010/MOHD_ER100010_R2.fastq.gz
ER100011	/data/projects/mohd/data/Molecular/3_RNA/MOHD_ER100011/MOHD_ER100011_R1.fastq.gz	/data/projects/mohd/data/Molecular/3_RNA/MOHD_ER100011/MOHD_ER100011_R2.fastq.gz
ER100012	/data/projects/mohd/data/Molecular/3_RNA/MOHD_ER100012/MOHD_ER100012_R1.fastq.gz	/data/projects/mohd/data/Molecular/3_RNA/MOHD_ER100012/MOHD_ER100012_R2.fastq.gz
ER100013	/data/projects/mohd/data/Molecular/3_RNA/MOHD_ER100013/MOHD_ER100013_R1.fastq.gz	/data/projects/mohd/data/Molecular/3_RNA/MOHD_ER100013/MOHD_ER100013_R2.fastq.gz
ER100014	/data/projects/mohd/data/Molecular/3_RNA/MOHD_ER100014/MOHD_ER100014_R1.fastq.gz	/data/projects/mohd/data/Molecular/3_RNA/MOHD_ER100014/MOHD_ER100014_R2.fastq.gz
ER100015	/data/projects/mohd/data/Molecular/3_RNA/MOHD_ER100015/MOHD_ER100015_R1.fastq.gz	/data/projects/mohd/data/Molecular/3_RNA/MOHD_ER100015/MOHD_ER100015_R2.fastq.gz
ER100016	/data/projects/mohd/data/Molecular/3_RNA/MOHD_ER100016/MOHD_ER100016_R1.fastq.gz	/data/projects/mohd/data/Molecular/3_RNA/MOHD_ER100016/MOHD_ER100016_R2.fastq.gz
ER100017	/data/projects/mohd/data/Molecular/3_RNA/MOHD_ER100017/MOHD_ER100017_R1.fastq.gz	/data/projects/mohd/data/Molecular/3_RNA/MOHD_ER100017/MOHD_ER100017_R2.fastq.gz
ER100018	/data/projects/mohd/data/Molecular/3_RNA/MOHD_ER100018/MOHD_ER100018_R1.fastq.gz	/data/projects/mohd/data/Molecular/3_RNA/MOHD_ER100018/MOHD_ER100018_R2.fastq.gz
ER100019	/data/projects/mohd/data/Molecular/3_RNA/MOHD_ER100019/MOHD_ER100019_R1.fastq.gz	/data/projects/mohd/data/Molecular/3_RNA/MOHD_ER100019/MOHD_ER100019_R2.fastq.gz
ER100020	/data/projects/mohd/data/Molecular/3_RNA/MOHD_ER100020/MOHD_ER100020_R1.fastq.gz	/data/projects/mohd/data/Molecular/3_RNA/MOHD_ER100020/MOHD_ER100020_R2.fastq.gz
ER100021	/data/projects/mohd/data/Molecular/3_RNA/MOHD_ER100021/MOHD_ER100021_R1.fastq.gz	/data/projects/mohd/data/Molecular/3_RNA/MOHD_ER100021/MOHD_ER100021_R2.fastq.gz
ER100022	/data/projects/mohd/data/Molecular/3_RNA/MOHD_ER100022/MOHD_ER100022_R1.fastq.gz	/data/projects/mohd/data/Molecular/3_RNA/MOHD_ER100022/MOHD_ER100022_R2.fastq.gz
ER100023	/data/projects/mohd/data/Molecular/3_RNA/MOHD_ER100023/MOHD_ER100023_R1.fastq.gz	/data/projects/mohd/data/Molecular/3_RNA/MOHD_ER100023/MOHD_ER100023_R2.fastq.gz
ER100024	/data/projects/mohd/data/Molecular/3_RNA/MOHD_ER100024/MOHD_ER100024_R1.fastq.gz	/data/projects/mohd/data/Molecular/3_RNA/MOHD_ER100024/MOHD_ER100024_R2.fastq.gz
ER100025	/data/projects/mohd/data/Molecular/3_RNA/MOHD_ER100025/MOHD_ER100025_R1.fastq.gz	/data/projects/mohd/data/Molecular/3_RNA/MOHD_ER100025/MOHD_ER100025_R2.fastq.gz
ER100026	/data/projects/mohd/data/Molecular/3_RNA/MOHD_ER100026/MOHD_ER100026_R1.fastq.gz	/data/projects/mohd/data/Molecular/3_RNA/MOHD_ER100026/MOHD_ER100026_R2.fastq.gz
ER100027	/data/projects/mohd/data/Molecular/3_RNA/MOHD_ER100027/MOHD_ER100027_R1.fastq.gz	/data/projects/mohd/data/Molecular/3_RNA/MOHD_ER100027/MOHD_ER100027_R2.fastq.gz
ER100028	/data/projects/mohd/data/Molecular/3_RNA/MOHD_ER100028/MOHD_ER100028_R1.fastq.gz	/data/projects/mohd/data/Molecular/3_RNA/MOHD_ER100028/MOHD_ER100028_R2.fastq.gz
ER100029	/data/projects/mohd/data/Molecular/3_RNA/MOHD_ER100029/MOHD_ER100029_R1.fastq.gz	/data/projects/mohd/data/Molecular/3_RNA/MOHD_ER100029/MOHD_ER100029_R2.fastq.gz
ER100030	/data/projects/mohd/data/Molecular/3_RNA/MOHD_ER100030/MOHD_ER100030_R1.fastq.gz	/data/projects/mohd/data/Molecular/3_RNA/MOHD_ER100030/MOHD_ER100030_R2.fastq.gz
ER100031	/data/projects/mohd/data/Molecular/3_RNA/MOHD_ER100031/MOHD_ER100031_R1.fastq.gz	/data/projects/mohd/data/Molecular/3_RNA/MOHD_ER100031/MOHD_ER100031_R2.fastq.gz
ER100032	/data/projects/mohd/data/Molecular/3_RNA/MOHD_ER100032/MOHD_ER100032_R1.fastq.gz	/data/projects/mohd/data/Molecular/3_RNA/MOHD_ER100032/MOHD_ER100032_R2.fastq.gz
ER100033	/data/projects/mohd/data/Molecular/3_RNA/MOHD_ER100033/MOHD_ER100033_R1.fastq.gz	/data/projects/mohd/data/Molecular/3_RNA/MOHD_ER100033/MOHD_ER100033_R2.fastq.gz
ER100034	/data/projects/mohd/data/Molecular/3_RNA/MOHD_ER100034/MOHD_ER100034_R1.fastq.gz	/data/projects/mohd/data/Molecular/3_RNA/MOHD_ER100034/MOHD_ER100034_R2.fastq.gz
ER100035	/data/projects/mohd/data/Molecular/3_RNA/MOHD_ER100035/MOHD_ER100035_R1.fastq.gz	/data/projects/mohd/data/Molecular/3_RNA/MOHD_ER100035/MOHD_ER100035_R2.fastq.gz
ER100036	/data/projects/mohd/data/Molecular/3_RNA/MOHD_ER100036/MOHD_ER100036_R1.fastq.gz	/data/projects/mohd/data/Molecular/3_RNA/MOHD_ER100036/MOHD_ER100036_R2.fastq.gz
ER100037	/data/projects/mohd/data/Molecular/3_RNA/MOHD_ER100037/MOHD_ER100037_R1.fastq.gz	/data/projects/mohd/data/Molecular/3_RNA/MOHD_ER100037/MOHD_ER100037_R2.fastq.gz
ER100038	/data/projects/mohd/data/Molecular/3_RNA/MOHD_ER100038/MOHD_ER100038_R1.fastq.gz	/data/projects/mohd/data/Molecular/3_RNA/MOHD_ER100038/MOHD_ER100038_R2.fastq.gz
ER100039	/data/projects/mohd/data/Molecular/3_RNA/MOHD_ER100039/MOHD_ER100039_R1.fastq.gz	/data/projects/mohd/data/Molecular/3_RNA/MOHD_ER100039/MOHD_ER100039_R2.fastq.gz
ER100040	/data/projects/mohd/data/Molecular/3_RNA/MOHD_ER100040/MOHD_ER100040_R1.fastq.gz	/data/projects/mohd/data/Molecular/3_RNA/MOHD_ER100040/MOHD_ER100040_R2.fastq.gz
ER100041	/data/projects/mohd/data/Molecular/3_RNA/MOHD_ER100041/MOHD_ER100041_R1.fastq.gz	/data/projects/mohd/data/Molecular/3_RNA/MOHD_ER100041/MOHD_ER100041_R2.fastq.gz
ER100042	/data/projects/mohd/data/Molecular/3_RNA/MOHD_ER100042/MOHD_ER100042_R1.fastq.gz	/data/projects/mohd/data/Molecular/3_RNA/MOHD_ER100042/MOHD_ER100042_R2.fastq.gz
ER100043	/data/projects/mohd/data/Molecular/3_RNA/MOHD_ER100043/MOHD_ER100043_R1.fastq.gz	/data/projects/mohd/data/Molecular/3_RNA/MOHD_ER100043/MOHD_ER100043_R2.fastq.gz
ER100044	/data/projects/mohd/data/Molecular/3_RNA/MOHD_ER100044/MOHD_ER100044_R1.fastq.gz	/data/projects/mohd/data/Molecular/3_RNA/MOHD_ER100044/MOHD_ER100044_R2.fastq.gz
ER100045	/data/projects/mohd/data/Molecular/3_RNA/MOHD_ER100045/MOHD_ER100045_R1.fastq.gz	/data/projects/mohd/data/Molecular/3_RNA/MOHD_ER100045/MOHD_ER100045_R2.fastq.gz
ER100046	/data/projects/mohd/data/Molecular/3_RNA/MOHD_ER100046/MOHD_ER100046_R1.fastq.gz	/data/projects/mohd/data/Molecular/3_RNA/MOHD_ER100046/MOHD_ER100046_R2.fastq.gz
ER100047	/data/projects/mohd/data/Molecular/3_RNA/MOHD_ER100047/MOHD_ER100047_R1.fastq.gz	/data/projects/mohd/data/Molecular/3_RNA/MOHD_ER100047/MOHD_ER100047_R2.fastq.gz
ER100048	/data/projects/mohd/data/Molecular/3_RNA/MOHD_ER100048/MOHD_ER100048_R1.fastq.gz	/data/projects/mohd/data/Molecular/3_RNA/MOHD_ER100048/MOHD_ER100048_R2.fastq.gz
ER100049	/data/projects/mohd/data/Molecular/3_RNA/MOHD_ER100049/MOHD_ER100049_R1.fastq.gz	/data/projects/mohd/data/Molecular/3_RNA/MOHD_ER100049/MOHD_ER100049_R2.fastq.gz
ER100050	/data/projects/mohd/data/Molecular/3_RNA/MOHD_ER100050/MOHD_ER100050_R1.fastq.gz	/data/projects/mohd/data/Molecular/3_RNA/MOHD_ER100050/MOHD_ER100050_R2.fastq.gz
ER100051	/data/projects/mohd/data/Molecular/3_RNA/MOHD_ER100051/MOHD_ER100051_R1.fastq.gz	/data/projects/mohd/data/Molecular/3_RNA/MOHD_ER100051/MOHD_ER100051_R2.fastq.gz
ER100052	/data/projects/mohd/data/Molecular/3_RNA/MOHD_ER100052/MOHD_ER100052_R1.fastq.gz	/data/projects/mohd/data/Molecular/3_RNA/MOHD_ER100052/MOHD_ER100052_R2.fastq.gz
ER100053	/data/projects/mohd/data/Molecular/3_RNA/MOHD_ER100053/MOHD_ER100053_R1.fastq.gz	/data/projects/mohd/data/Molecular/3_RNA/MOHD_ER100053/MOHD_ER100053_R2.fastq.gz
ER100054	/data/projects/mohd/data/Molecular/3_RNA/MOHD_ER100054/MOHD_ER100054_R1.fastq.gz	/data/projects/mohd/data/Molecular/3_RNA/MOHD_ER100054/MOHD_ER100054_R2.fastq.gz
ER100055	/data/projects/mohd/data/Molecular/3_RNA/MOHD_ER100055/MOHD_ER100055_R1.fastq.gz	/data/projects/mohd/data/Molecular/3_RNA/MOHD_ER100055/MOHD_ER100055_R2.fastq.gz
ER100056	/data/projects/mohd/data/Molecular/3_RNA/MOHD_ER100056/MOHD_ER100056_R1.fastq.gz	/data/projects/mohd/data/Molecular/3_RNA/MOHD_ER100056/MOHD_ER100056_R2.fastq.gz
ER100057	/data/projects/mohd/data/Molecular/3_RNA/MOHD_ER100057/MOHD_ER100057_R1.fastq.gz	/data/projects/mohd/data/Molecular/3_RNA/MOHD_ER100057/MOHD_ER100057_R2.fastq.gz
ER100058	/data/projects/mohd/data/Molecular/3_RNA/MOHD_ER100058/MOHD_ER100058_R1.fastq.gz	/data/projects/mohd/data/Molecular/3_RNA/MOHD_ER100058/MOHD_ER100058_R2.fastq.gz
ER100059	/data/projects/mohd/data/Molecular/3_RNA/MOHD_ER100059/MOHD_ER100059_R1.fastq.gz	/data/projects/mohd/data/Molecular/3_RNA/MOHD_ER100059/MOHD_ER100059_R2.fastq.gz
ER100060	/data/projects/mohd/data/Molecular/3_RNA/MOHD_ER100060/MOHD_ER100060_R1.fastq.gz	/data/projects/mohd/data/Molecular/3_RNA/MOHD_ER100060/MOHD_ER100060_R2.fastq.gz
ER100061	/data/projects/mohd/data/Molecular/3_RNA/MOHD_ER100061/MOHD_ER100061_R1.fastq.gz	/data/projects/mohd/data/Molecular/3_RNA/MOHD_ER100061/MOHD_ER100061_R2.fastq.gz
ER100062	/data/projects/mohd/data/Molecular/3_RNA/MOHD_ER100062/MOHD_ER100062_R1.fastq.gz	/data/projects/mohd/data/Molecular/3_RNA/MOHD_ER100062/MOHD_ER100062_R2.fastq.gz
ER100063	/data/projects/mohd/data/Molecular/3_RNA/MOHD_ER100063/MOHD_ER100063_R1.fastq.gz	/data/projects/mohd/data/Molecular/3_RNA/MOHD_ER100063/MOHD_ER100063_R2.fastq.gz
ER100064	/data/projects/mohd/data/Molecular/3_RNA/MOHD_ER100064/MOHD_ER100064_R1.fastq.gz	/data/projects/mohd/data/Molecular/3_RNA/MOHD_ER100064/MOHD_ER100064_R2.fastq.gz
ER100065	/data/projects/mohd/data/Molecular/3_RNA/MOHD_ER100065/MOHD_ER100065_R1.fastq.gz	/data/projects/mohd/data/Molecular/3_RNA/MOHD_ER100065/MOHD_ER100065_R2.fastq.gz
ER100066	/data/projects/mohd/data/Molecular/3_RNA/MOHD_ER100066/MOHD_ER100066_R1.fastq.gz	/data/projects/mohd/data/Molecular/3_RNA/MOHD_ER100066/MOHD_ER100066_R2.fastq.gz
ER100067	/data/projects/mohd/data/Molecular/3_RNA/MOHD_ER100067/MOHD_ER100067_R1.fastq.gz	/data/projects/mohd/data/Molecular/3_RNA/MOHD_ER100067/MOHD_ER100067_R2.fastq.gz
ER100068	/data/projects/mohd/data/Molecular/3_RNA/MOHD_ER100068/MOHD_ER100068_R1.fastq.gz	/data/projects/mohd/data/Molecular/3_RNA/MOHD_ER100068/MOHD_ER100068_R2.fastq.gz
ER100069	/data/projects/mohd/data/Molecular/3_RNA/MOHD_ER100069/MOHD_ER100069_R1.fastq.gz	/data/projects/mohd/data/Molecular/3_RNA/MOHD_ER100069/MOHD_ER100069_R2.fastq.gz
ER100070	/data/projects/mohd/data/Molecular/3_RNA/MOHD_ER100070/MOHD_ER100070_R1.fastq.gz	/data/projects/mohd/data/Molecular/3_RNA/MOHD_ER100070/MOHD_ER100070_R2.fastq.gz
ER100071	/data/projects/mohd/data/Molecular/3_RNA/MOHD_ER100071/MOHD_ER100071_R1.fastq.gz	/data/projects/mohd/data/Molecular/3_RNA/MOHD_ER100071/MOHD_ER100071_R2.fastq.gz
ER100072	/data/projects/mohd/data/Molecular/3_RNA/MOHD_ER100072/MOHD_ER100072_R1.fastq.gz	/data/projects/mohd/data/Molecular/3_RNA/MOHD_ER100072/MOHD_ER100072_R2.fastq.gz
ER100073	/data/projects/mohd/data/Molecular/3_RNA/MOHD_ER100073/MOHD_ER100073_R1.fastq.gz	/data/projects/mohd/data/Molecular/3_RNA/MOHD_ER100073/MOHD_ER100073_R2.fastq.gz
ER100074	/data/projects/mohd/data/Molecular/3_RNA/MOHD_ER100074/MOHD_ER100074_R1.fastq.gz	/data/projects/mohd/data/Molecular/3_RNA/MOHD_ER100074/MOHD_ER100074_R2.fastq.gz
ER100075	/data/projects/mohd/data/Molecular/3_RNA/MOHD_ER100075/MOHD_ER100075_R1.fastq.gz	/data/projects/mohd/data/Molecular/3_RNA/MOHD_ER100075/MOHD_ER100075_R2.fastq.gz
ER100076	/data/projects/mohd/data/Molecular/3_RNA/MOHD_ER100076/MOHD_ER100076_R1.fastq.gz	/data/projects/mohd/data/Molecular/3_RNA/MOHD_ER100076/MOHD_ER100076_R2.fastq.gz
ER100077	/data/projects/mohd/data/Molecular/3_RNA/MOHD_ER100077/MOHD_ER100077_R1.fastq.gz	/data/projects/mohd/data/Molecular/3_RNA/MOHD_ER100077/MOHD_ER100077_R2.fastq.gz
ER100078	/data/projects/mohd/data/Molecular/3_RNA/MOHD_ER100078/MOHD_ER100078_R1.fastq.gz	/data/projects/mohd/data/Molecular/3_RNA/MOHD_ER100078/MOHD_ER100078_R2.fastq.gz
ER100079	/data/projects/mohd/data/Molecular/3_RNA/MOHD_ER100079/MOHD_ER100079_R1.fastq.gz	/data/projects/mohd/data/Molecular/3_RNA/MOHD_ER100079/MOHD_ER100079_R2.fastq.gz
ER100080	/data/projects/mohd/data/Molecular/3_RNA/MOHD_ER100080/MOHD_ER100080_R1.fastq.gz	/data/projects/mohd/data/Molecular/3_RNA/MOHD_ER100080/MOHD_ER100080_R2.fastq.gz
ER100081	/data/projects/mohd/data/Molecular/3_RNA/MOHD_ER100081/MOHD_ER100081_R1.fastq.gz	/data/projects/mohd/data/Molecular/3_RNA/MOHD_ER100081/MOHD_ER100081_R2.fastq.gz
ER100082	/data/projects/mohd/data/Molecular/3_RNA/MOHD_ER100082/MOHD_ER100082_R1.fastq.gz	/data/projects/mohd/data/Molecular/3_RNA/MOHD_ER100082/MOHD_ER100082_R2.fastq.gz
ER100083	/data/projects/mohd/data/Molecular/3_RNA/MOHD_ER100083/MOHD_ER100083_R1.fastq.gz	/data/projects/mohd/data/Molecular/3_RNA/MOHD_ER100083/MOHD_ER100083_R2.fastq.gz
ER100084	/data/projects/mohd/data/Molecular/3_RNA/MOHD_ER100084/MOHD_ER100084_R1.fastq.gz	/data/projects/mohd/data/Molecular/3_RNA/MOHD_ER100084/MOHD_ER100084_R2.fastq.gz
ER100085	/data/projects/mohd/data/Molecular/3_RNA/MOHD_ER100085/MOHD_ER100085_R1.fastq.gz	/data/projects/mohd/data/Molecular/3_RNA/MOHD_ER100085/MOHD_ER100085_R2.fastq.gz
ER100086	/data/projects/mohd/data/Molecular/3_RNA/MOHD_ER100086/MOHD_ER100086_R1.fastq.gz	/data/projects/mohd/data/Molecular/3_RNA/MOHD_ER100086/MOHD_ER100086_R2.fastq.gz
ER100087	/data/projects/mohd/data/Molecular/3_RNA/MOHD_ER100087/MOHD_ER100087_R1.fastq.gz	/data/projects/mohd/data/Molecular/3_RNA/MOHD_ER100087/MOHD_ER100087_R2.fastq.gz
ER100088	/data/projects/mohd/data/Molecular/3_RNA/MOHD_ER100088/MOHD_ER100088_R1.fastq.gz	/data/projects/mohd/data/Molecular/3_RNA/MOHD_ER100088/MOHD_ER100088_R2.fastq.gz
ER100089	/data/projects/mohd/data/Molecular/3_RNA/MOHD_ER100089/MOHD_ER100089_R1.fastq.gz	/data/projects/mohd/data/Molecular/3_RNA/MOHD_ER100089/MOHD_ER100089_R2.fastq.gz
ER100090	/data/projects/mohd/data/Molecular/3_RNA/MOHD_ER100090/MOHD_ER100090_R1.fastq.gz	/data/projects/mohd/data/Molecular/3_RNA/MOHD_ER100090/MOHD_ER100090_R2.fastq.gz
ER100091	/data/projects/mohd/data/Molecular/3_RNA/MOHD_ER100091/MOHD_ER100091_R1.fastq.gz	/data/projects/mohd/data/Molecular/3_RNA/MOHD_ER100091/MOHD_ER100091_R2.fastq.gz
ER100092	/data/projects/mohd/data/Molecular/3_RNA/MOHD_ER100092/MOHD_ER100092_R1.fastq.gz	/data/projects/mohd/data/Molecular/3_RNA/MOHD_ER100092/MOHD_ER100092_R2.fastq.gz
ER100093	/data/projects/mohd/data/Molecular/3_RNA/MOHD_ER100093/MOHD_ER100093_R1.fastq.gz	/data/projects/mohd/data/Molecular/3_RNA/MOHD_ER100093/MOHD_ER100093_R2.fastq.gz
ER100094	/data/projects/mohd/data/Molecular/3_RNA/MOHD_ER100094/MOHD_ER100094_R1.fastq.gz	/data/projects/mohd/data/Molecular/3_RNA/MOHD_ER100094/MOHD_ER100094_R2.fastq.gz
ER100095	/data/projects/mohd/data/Molecular/3_RNA/MOHD_ER100095/MOHD_ER100095_R1.fastq.gz	/data/projects/mohd/data/Molecular/3_RNA/MOHD_ER100095/MOHD_ER100095_R2.fastq.gz
ER100096	/data/projects/mohd/data/Molecular/3_RNA/MOHD_ER100096/MOHD_ER100096_R1.fastq.gz	/data/projects/mohd/data/Molecular/3_RNA/MOHD_ER100096/MOHD_ER100096_R2.fastq.gz
ER100097	/data/projects/mohd/data/Molecular/3_RNA/MOHD_ER100097/MOHD_ER100097_R1.fastq.gz	/data/projects/mohd/data/Molecular/3_RNA/MOHD_ER100097/MOHD_ER100097_R2.fastq.gz
ER100098	/data/projects/mohd/data/Molecular/3_RNA/MOHD_ER100098/MOHD_ER100098_R1.fastq.gz	/data/projects/mohd/data/Molecular/3_RNA/MOHD_ER100098/MOHD_ER100098_R2.fastq.gz
ER100099	/data/projects/mohd/data/Molecular/3_RNA/MOHD_ER100099/MOHD_ER100099_R1.fastq.gz	/data/projects/mohd/data/Molecular/3_RNA/MOHD_ER100099/MOHD_ER100099_R2.fastq.gz
ER100100	/data/projects/mohd/data/Molecular/3_RNA/MOHD_ER100100/MOHD_ER100100_R1.fastq.gz	/data/projects/mohd/data/Molecular/3_RNA/MOHD_ER100100/MOHD_ER100100_R2.fastq.gz
ER100101	/data/projects/mohd/data/Molecular/3_RNA/MOHD_ER100101/MOHD_ER100101_R1.fastq.gz	/data/projects/mohd/data/Molecular/3_RNA/MOHD_ER100101/MOHD_ER100101_R2.fastq.gz
ER100102	/data/projects/mohd/data/Molecular/3_RNA/MOHD_ER100102/MOHD_ER100102_R1.fastq.gz	/data/projects/mohd/data/Molecular/3_RNA/MOHD_ER100102/MOHD_ER100102_R2.fastq.gz
ER100103	/data/projects/mohd/data/Molecular/3_RNA/MOHD_ER100103/MOHD_ER100103_R1.fastq.gz	/data/projects/mohd/data/Molecular/3_RNA/MOHD_ER100103/MOHD_ER100103_R2.fastq.gz
ER100104	/data/projects/mohd/data/Molecular/3_RNA/MOHD_ER100104/MOHD_ER100104_R1.fastq.gz	/data/projects/mohd/data/Molecular/3_RNA/MOHD_ER100104/MOHD_ER100104_R2.fastq.gz
ER100105	/data/projects/mohd/data/Molecular/3_RNA/MOHD_ER100105/MOHD_ER100105_R1.fastq.gz	/data/projects/mohd/data/Molecular/3_RNA/MOHD_ER100105/MOHD_ER100105_R2.fastq.gz
ER100106	/data/projects/mohd/data/Molecular/3_RNA/MOHD_ER100106/MOHD_ER100106_R1.fastq.gz	/data/projects/mohd/data/Molecular/3_RNA/MOHD_ER100106/MOHD_ER100106_R2.fastq.gz
ER100107	/data/projects/mohd/data/Molecular/3_RNA/MOHD_ER100107/MOHD_ER100107_R1.fastq.gz	/data/projects/mohd/data/Molecular/3_RNA/MOHD_ER100107/MOHD_ER100107_R2.fastq.gz
ER100108	/data/projects/mohd/data/Molecular/3_RNA/MOHD_ER100108/MOHD_ER100108_R1.fastq.gz	/data/projects/mohd/data/Molecular/3_RNA/MOHD_ER100108/MOHD_ER100108_R2.fastq.gz
ER100109	/data/projects/mohd/data/Molecular/3_RNA/MOHD_ER100109/MOHD_ER100109_R1.fastq.gz	/data/projects/mohd/data/Molecular/3_RNA/MOHD_ER100109/MOHD_ER100109_R2.fastq.gz
ER100110	/data/projects/mohd/data/Molecular/3_RNA/MOHD_ER100110/MOHD_ER100110_R1.fastq.gz	/data/projects/mohd/data/Molecular/3_RNA/MOHD_ER100110/MOHD_ER100110_R2.fastq.gz
ER100111	/data/projects/mohd/data/Molecular/3_RNA/MOHD_ER100111/MOHD_ER100111_R1.fastq.gz	/data/projects/mohd/data/Molecular/3_RNA/MOHD_ER100111/MOHD_ER100111_R2.fastq.gz
ER100112	/data/projects/mohd/data/Molecular/3_RNA/MOHD_ER100112/MOHD_ER100112_R1.fastq.gz	/data/projects/mohd/data/Molecular/3_RNA/MOHD_ER100112/MOHD_ER100112_R2.fastq.gz
ER100113	/data/projects/mohd/data/Molecular/3_RNA/MOHD_ER100113/MOHD_ER100113_R1.fastq.gz	/data/projects/mohd/data/Molecular/3_RNA/MOHD_ER100113/MOHD_ER100113_R2.fastq.gz
ER100114	/data/projects/mohd/data/Molecular/3_RNA/MOHD_ER100114/MOHD_ER100114_R1.fastq.gz	/data/projects/mohd/data/Molecular/3_RNA/MOHD_ER100114/MOHD_ER100114_R2.fastq.gz
ER100115	/data/projects/mohd/data/Molecular/3_RNA/MOHD_ER100115/MOHD_ER100115_R1.fastq.gz	/data/projects/mohd/data/Molecular/3_RNA/MOHD_ER100115/MOHD_ER100115_R2.fastq.gz
ER100116	/data/projects/mohd/data/Molecular/3_RNA/MOHD_ER100116/MOHD_ER100116_R1.fastq.gz	/data/projects/mohd/data/Molecular/3_RNA/MOHD_ER100116/MOHD_ER100116_R2.fastq.gz
ER100117	/data/projects/mohd/data/Molecular/3_RNA/MOHD_ER100117/MOHD_ER100117_R1.fastq.gz	/data/projects/mohd/data/Molecular/3_RNA/MOHD_ER100117/MOHD_ER100117_R2.fastq.gz
ER100118	/data/projects/mohd/data/Molecular/3_RNA/MOHD_ER100118/MOHD_ER100118_R1.fastq.gz	/data/projects/mohd/data/Molecular/3_RNA/MOHD_ER100118/MOHD_ER100118_R2.fastq.gz
ER100119	/data/projects/mohd/data/Molecular/3_RNA/MOHD_ER100119/MOHD_ER100119_R1.fastq.gz	/data/projects/mohd/data/Molecular/3_RNA/MOHD_ER100119/MOHD_ER100119_R2.fastq.gz
ER100120	/data/projects/mohd/data/Molecular/3_RNA/MOHD_ER100120/MOHD_ER100120_R1.fastq.gz	/data/projects/mohd/data/Molecular/3_RNA/MOHD_ER100120/MOHD_ER100120_R2.fastq.gz
ER100121	/data/projects/mohd/data/Molecular/3_RNA/MOHD_ER100121/MOHD_ER100121_R1.fastq.gz	/data/projects/mohd/data/Molecular/3_RNA/MOHD_ER100121/MOHD_ER100121_R2.fastq.gz
ER100122	/data/projects/mohd/data/Molecular/3_RNA/MOHD_ER100122/MOHD_ER100122_R1.fastq.gz	/data/projects/mohd/data/Molecular/3_RNA/MOHD_ER100122/MOHD_ER100122_R2.fastq.gz
ER100123	/data/projects/mohd/data/Molecular/3_RNA/MOHD_ER100123/MOHD_ER100123_R1.fastq.gz	/data/projects/mohd/data/Molecular/3_RNA/MOHD_ER100123/MOHD_ER100123_R2.fastq.gz
ER100124	/data/projects/mohd/data/Molecular/3_RNA/MOHD_ER100124/MOHD_ER100124_R1.fastq.gz	/data/projects/mohd/data/Molecular/3_RNA/MOHD_ER100124/MOHD_ER100124_R2.fastq.gz
ER100125	/data/projects/mohd/data/Molecular/3_RNA/MOHD_ER100125/MOHD_ER100125_R1.fastq.gz	/data/projects/mohd/data/Molecular/3_RNA/MOHD_ER100125/MOHD_ER100125_R2.fastq.gz
ER100126	/data/projects/mohd/data/Molecular/3_RNA/MOHD_ER100126/MOHD_ER100126_R1.fastq.gz	/data/projects/mohd/data/Molecular/3_RNA/MOHD_ER100126/MOHD_ER100126_R2.fastq.gz
ER100127	/data/projects/mohd/data/Molecular/3_RNA/MOHD_ER100127/MOHD_ER100127_R1.fastq.gz	/data/projects/mohd/data/Molecular/3_RNA/MOHD_ER100127/MOHD_ER100127_R2.fastq.gz
ER100128	/data/projects/mohd/data/Molecular/3_RNA/MOHD_ER100128/MOHD_ER100128_R1.fastq.gz	/data/projects/mohd/data/Molecular/3_RNA/MOHD_ER100128/MOHD_ER100128_R2.fastq.gz
ER100129	/data/projects/mohd/data/Molecular/3_RNA/MOHD_ER100129/MOHD_ER100129_R1.fastq.gz	/data/projects/mohd/data/Molecular/3_RNA/MOHD_ER100129/MOHD_ER100129_R2.fastq.gz
ER100130	/data/projects/mohd/data/Molecular/3_RNA/MOHD_ER100130/MOHD_ER100130_R1.fastq.gz	/data/projects/mohd/data/Molecular/3_RNA/MOHD_ER100130/MOHD_ER100130_R2.fastq.gz
ER100131	/data/projects/mohd/data/Molecular/3_RNA/MOHD_ER100131/MOHD_ER100131_R1.fastq.gz	/data/projects/mohd/data/Molecular/3_RNA/MOHD_ER100131/MOHD_ER100131_R2.fastq.gz
ER100132	/data/projects/mohd/data/Molecular/3_RNA/MOHD_ER100132/MOHD_ER100132_R1.fastq.gz	/data/projects/mohd/data/Molecular/3_RNA/MOHD_ER100132/MOHD_ER100132_R2.fastq.gz
ER100133	/data/projects/mohd/data/Molecular/3_RNA/MOHD_ER100133/MOHD_ER100133_R1.fastq.gz	/data/projects/mohd/data/Molecular/3_RNA/MOHD_ER100133/MOHD_ER100133_R2.fastq.gz
ER100134	/data/projects/mohd/data/Molecular/3_RNA/MOHD_ER100134/MOHD_ER100134_R1.fastq.gz	/data/projects/mohd/data/Molecular/3_RNA/MOHD_ER100134/MOHD_ER100134_R2.fastq.gz
ER100135	/data/projects/mohd/data/Molecular/3_RNA/MOHD_ER100135/MOHD_ER100135_R1.fastq.gz	/data/projects/mohd/data/Molecular/3_RNA/MOHD_ER100135/MOHD_ER100135_R2.fastq.gz
ER100136	/data/projects/mohd/data/Molecular/3_RNA/MOHD_ER100136/MOHD_ER100136_R1.fastq.gz	/data/projects/mohd/data/Molecular/3_RNA/MOHD_ER100136/MOHD_ER100136_R2.fastq.gz
ER100137	/data/projects/mohd/data/Molecular/3_RNA/MOHD_ER100137/MOHD_ER100137_R1.fastq.gz	/data/projects/mohd/data/Molecular/3_RNA/MOHD_ER100137/MOHD_ER100137_R2.fastq.gz
ER100138	/data/projects/mohd/data/Molecular/3_RNA/MOHD_ER100138/MOHD_ER100138_R1.fastq.gz	/data/projects/mohd/data/Molecular/3_RNA/MOHD_ER100138/MOHD_ER100138_R2.fastq.gz
ER100139	/data/projects/mohd/data/Molecular/3_RNA/MOHD_ER100139/MOHD_ER100139_R1.fastq.gz	/data/projects/mohd/data/Molecular/3_RNA/MOHD_ER100139/MOHD_ER100139_R2.fastq.gz
ER100140	/data/projects/mohd/data/Molecular/3_RNA/MOHD_ER100140/MOHD_ER100140_R1.fastq.gz	/data/projects/mohd/data/Molecular/3_RNA/MOHD_ER100140/MOHD_ER100140_R2.fastq.gz
ER100141	/data/projects/mohd/data/Molecular/3_RNA/MOHD_ER100141/MOHD_ER100141_R1.fastq.gz	/data/projects/mohd/data/Molecular/3_RNA/MOHD_ER100141/MOHD_ER100141_R2.fastq.gz
ER100142	/data/projects/mohd/data/Molecular/3_RNA/MOHD_ER100142/MOHD_ER100142_R1.fastq.gz	/data/projects/mohd/data/Molecular/3_RNA/MOHD_ER100142/MOHD_ER100142_R2.fastq.gz
ER100143	/data/projects/mohd/data/Molecular/3_RNA/MOHD_ER100143/MOHD_ER100143_R1.fastq.gz	/data/projects/mohd/data/Molecular/3_RNA/MOHD_ER100143/MOHD_ER100143_R2.fastq.gz
ER100144	/data/projects/mohd/data/Molecular/3_RNA/MOHD_ER100144/MOHD_ER100144_R1.fastq.gz	/data/projects/mohd/data/Molecular/3_RNA/MOHD_ER100144/MOHD_ER100144_R2.fastq.gz
ER100145	/data/projects/mohd/data/Molecular/3_RNA/MOHD_ER100145/MOHD_ER100145_R1.fastq.gz	/data/projects/mohd/data/Molecular/3_RNA/MOHD_ER100145/MOHD_ER100145_R2.fastq.gz
ER100146	/data/projects/mohd/data/Molecular/3_RNA/MOHD_ER100146/MOHD_ER100146_R1.fastq.gz	/data/projects/mohd/data/Molecular/3_RNA/MOHD_ER100146/MOHD_ER100146_R2.fastq.gz
ER100147	/data/projects/mohd/data/Molecular/3_RNA/MOHD_ER100147/MOHD_ER100147_R1.fastq.gz	/data/projects/mohd/data/Molecular/3_RNA/MOHD_ER100147/MOHD_ER100147_R2.fastq.gz
ER100148	/data/projects/mohd/data/Molecular/3_RNA/MOHD_ER100148/MOHD_ER100148_R1.fastq.gz	/data/projects/mohd/data/Molecular/3_RNA/MOHD_ER100148/MOHD_ER100148_R2.fastq.gz
ER100149	/data/projects/mohd/data/Molecular/3_RNA/MOHD_ER100149/MOHD_ER100149_R1.fastq.gz	/data/projects/mohd/data/Molecular/3_RNA/MOHD_ER100149/MOHD_ER100149_R2.fastq.gz
ER100150	/data/projects/mohd/data/Molecular/3_RNA/MOHD_ER100150/MOHD_ER100150_R1.fastq.gz	/data/projects/mohd/data/Molecular/3_RNA/MOHD_ER100150/MOHD_ER100150_R2.fastq.gz
ER100151	/data/projects/mohd/data/Molecular/3_RNA/MOHD_ER100151/MOHD_ER100151_R1.fastq.gz	/data/projects/mohd/data/Molecular/3_RNA/MOHD_ER100151/MOHD_ER100151_R2.fastq.gz
ER100152	/data/projects/mohd/data/Molecular/3_RNA/MOHD_ER100152/MOHD_ER100152_R1.fastq.gz	/data/projects/mohd/data/Molecular/3_RNA/MOHD_ER100152/MOHD_ER100152_R2.fastq.gz
ER100153	/data/projects/mohd/data/Molecular/3_RNA/MOHD_ER100153/MOHD_ER100153_R1.fastq.gz	/data/projects/mohd/data/Molecular/3_RNA/MOHD_ER100153/MOHD_ER100153_R2.fastq.gz
ER100154	/data/projects/mohd/data/Molecular/3_RNA/MOHD_ER100154/MOHD_ER100154_R1.fastq.gz	/data/projects/mohd/data/Molecular/3_RNA/MOHD_ER100154/MOHD_ER100154_R2.fastq.gz
ER100155	/data/projects/mohd/data/Molecular/3_RNA/MOHD_ER100155/MOHD_ER100155_R1.fastq.gz	/data/projects/mohd/data/Molecular/3_RNA/MOHD_ER100155/MOHD_ER100155_R2.fastq.gz
ER100156	/data/projects/mohd/data/Molecular/3_RNA/MOHD_ER100156/MOHD_ER100156_R1.fastq.gz	/data/projects/mohd/data/Molecular/3_RNA/MOHD_ER100156/MOHD_ER100156_R2.fastq.gz
ER100157	/data/projects/mohd/data/Molecular/3_RNA/MOHD_ER100157/MOHD_ER100157_R1.fastq.gz	/data/projects/mohd/data/Molecular/3_RNA/MOHD_ER100157/MOHD_ER100157_R2.fastq.gz
ER100158	/data/projects/mohd/data/Molecular/3_RNA/MOHD_ER100158/MOHD_ER100158_R1.fastq.gz	/data/projects/mohd/data/Molecular/3_RNA/MOHD_ER100158/MOHD_ER100158_R2.fastq.gz
ER100159	/data/projects/mohd/data/Molecular/3_RNA/MOHD_ER100159/MOHD_ER100159_R1.fastq.gz	/data/projects/mohd/data/Molecular/3_RNA/MOHD_ER100159/MOHD_ER100159_R2.fastq.gz
ER100160	/data/projects/mohd/data/Molecular/3_RNA/MOHD_ER100160/MOHD_ER100160_R1.fastq.gz	/data/projects/mohd/data/Molecular/3_RNA/MOHD_ER100160/MOHD_ER100160_R2.fastq.gz
ER100161	/data/projects/mohd/data/Molecular/3_RNA/MOHD_ER100161/MOHD_ER100161_R1.fastq.gz	/data/projects/mohd/data/Molecular/3_RNA/MOHD_ER100161/MOHD_ER100161_R2.fastq.gz
ER100162	/data/projects/mohd/data/Molecular/3_RNA/MOHD_ER100162/MOHD_ER100162_R1.fastq.gz	/data/projects/mohd/data/Molecular/3_RNA/MOHD_ER100162/MOHD_ER100162_R2.fastq.gz
ER100163	/data/projects/mohd/data/Molecular/3_RNA/MOHD_ER100163/MOHD_ER100163_R1.fastq.gz	/data/projects/mohd/data/Molecular/3_RNA/MOHD_ER100163/MOHD_ER100163_R2.fastq.gz
ER100164	/data/projects/mohd/data/Molecular/3_RNA/MOHD_ER100164/MOHD_ER100164_R1.fastq.gz	/data/projects/mohd/data/Molecular/3_RNA/MOHD_ER100164/MOHD_ER100164_R2.fastq.gz
ER100165	/data/projects/mohd/data/Molecular/3_RNA/MOHD_ER100165/MOHD_ER100165_R1.fastq.gz	/data/projects/mohd/data/Molecular/3_RNA/MOHD_ER100165/MOHD_ER100165_R2.fastq.gz
ER100166	/data/projects/mohd/data/Molecular/3_RNA/MOHD_ER100166/MOHD_ER100166_R1.fastq.gz	/data/projects/mohd/data/Molecular/3_RNA/MOHD_ER100166/MOHD_ER100166_R2.fastq.gz
ER100167	/data/projects/mohd/data/Molecular/3_RNA/MOHD_ER100167/MOHD_ER100167_R1.fastq.gz	/data/projects/mohd/data/Molecular/3_RNA/MOHD_ER100167/MOHD_ER100167_R2.fastq.gz
ER100168	/data/projects/mohd/data/Molecular/3_RNA/MOHD_ER100168/MOHD_ER100168_R1.fastq.gz	/data/projects/mohd/data/Molecular/3_RNA/MOHD_ER100168/MOHD_ER100168_R2.fastq.gz
ER100169	/data/projects/mohd/data/Molecular/3_RNA/MOHD_ER100169/MOHD_ER100169_R1.fastq.gz	/data/projects/mohd/data/Molecular/3_RNA/MOHD_ER100169/MOHD_ER100169_R2.fastq.gz
ER100170	/data/projects/mohd/data/Molecular/3_RNA/MOHD_ER100170/MOHD_ER100170_R1.fastq.gz	/data/projects/mohd/data/Molecular/3_RNA/MOHD_ER100170/MOHD_ER100170_R2.fastq.gz
ER100171	/data/projects/mohd/data/Molecular/3_RNA/MOHD_ER100171/MOHD_ER100171_R1.fastq.gz	/data/projects/mohd/data/Molecular/3_RNA/MOHD_ER100171/MOHD_ER100171_R2.fastq.gz
ER100172	/data/projects/mohd/data/Molecular/3_RNA/MOHD_ER100172/MOHD_ER100172_R1.fastq.gz	/data/projects/mohd/data/Molecular/3_RNA/MOHD_ER100172/MOHD_ER100172_R2.fastq.gz
ER100173	/data/projects/mohd/data/Molecular/3_RNA/MOHD_ER100173/MOHD_ER100173_R1.fastq.gz	/data/projects/mohd/data/Molecular/3_RNA/MOHD_ER100173/MOHD_ER100173_R2.fastq.gz
ER100174	/data/projects/mohd/data/Molecular/3_RNA/MOHD_ER100174/MOHD_ER100174_R1.fastq.gz	/data/projects/mohd/data/Molecular/3_RNA/MOHD_ER100174/MOHD_ER100174_R2.fastq.gz
ER100175	/data/projects/mohd/data/Molecular/3_RNA/MOHD_ER100175/MOHD_ER100175_R1.fastq.gz	/data/projects/mohd/data/Molecular/3_RNA/MOHD_ER100175/MOHD_ER100175_R2.fastq.gz
ER100176	/data/projects/mohd/data/Molecular/3_RNA/MOHD_ER100176/MOHD_ER100176_R1.fastq.gz	/data/projects/mohd/data/Molecular/3_RNA/MOHD_ER100176/MOHD_ER100176_R2.fastq.gz
ER100177	/data/projects/mohd/data/Molecular/3_RNA/MOHD_ER100177/MOHD_ER100177_R1.fastq.gz	/data/projects/mohd/data/Molecular/3_RNA/MOHD_ER100177/MOHD_ER100177_R2.fastq.gz
ER100178	/data/projects/mohd/data/Molecular/3_RNA/MOHD_ER100178/MOHD_ER100178_R1.fastq.gz	/data/projects/mohd/data/Molecular/3_RNA/MOHD_ER100178/MOHD_ER100178_R2.fastq.gz
ER100179	/data/projects/mohd/data/Molecular/3_RNA/MOHD_ER100179/MOHD_ER100179_R1.fastq.gz	/data/projects/mohd/data/Molecular/3_RNA/MOHD_ER100179/MOHD_ER100179_R2.fastq.gz
ER100180	/data/projects/mohd/data/Molecular/3_RNA/MOHD_ER100180/MOHD_ER100180_R1.fastq.gz	/data/projects/mohd/data/Molecular/3_RNA/MOHD_ER100180/MOHD_ER100180_R2.fastq.gz
ER100181	/data/projects/mohd/data/Molecular/3_RNA/MOHD_ER100181/MOHD_ER100181_R1.fastq.gz	/data/projects/mohd/data/Molecular/3_RNA/MOHD_ER100181/MOHD_ER100181_R2.fastq.gz
ER100182	/data/projects/mohd/data/Molecular/3_RNA/MOHD_ER100182/MOHD_ER100182_R1.fastq.gz	/data/projects/mohd/data/Molecular/3_RNA/MOHD_ER100182/MOHD_ER100182_R2.fastq.gz
ER100183	/data/projects/mohd/data/Molecular/3_RNA/MOHD_ER100183/MOHD_ER100183_R1.fastq.gz	/data/projects/mohd/data/Molecular/3_RNA/MOHD_ER100183/MOHD_ER100183_R2.fastq.gz
ER100184	/data/projects/mohd/data/Molecular/3_RNA/MOHD_ER100184/MOHD_ER100184_R1.fastq.gz	/data/projects/mohd/data/Molecular/3_RNA/MOHD_ER100184/MOHD_ER100184_R2.fastq.gz
ER100185	/data/projects/mohd/data/Molecular/3_RNA/MOHD_ER100185/MOHD_ER100185_R1.fastq.gz	/data/projects/mohd/data/Molecular/3_RNA/MOHD_ER100185/MOHD_ER100185_R2.fastq.gz
ER100186	/data/projects/mohd/data/Molecular/3_RNA/MOHD_ER100186/MOHD_ER100186_R1.fastq.gz	/data/projects/mohd/data/Molecular/3_RNA/MOHD_ER100186/MOHD_ER100186_R2.fastq.gz
ER100187	/data/projects/mohd/data/Molecular/3_RNA/MOHD_ER100187/MOHD_ER100187_R1.fastq.gz	/data/projects/mohd/data/Molecular/3_RNA/MOHD_ER100187/MOHD_ER100187_R2.fastq.gz
ER100188	/data/projects/mohd/data/Molecular/3_RNA/MOHD_ER100188/MOHD_ER100188_R1.fastq.gz	/data/projects/mohd/data/Molecular/3_RNA/MOHD_ER100188/MOHD_ER100188_R2.fastq.gz
ER100189	/data/projects/mohd/data/Molecular/3_RNA/MOHD_ER100189/MOHD_ER100189_R1.fastq.gz	/data/projects/mohd/data/Molecular/3_RNA/MOHD_ER100189/MOHD_ER100189_R2.fastq.gz
ER100190	/data/projects/mohd/data/Molecular/3_RNA/MOHD_ER100190/MOHD_ER100190_R1.fastq.gz	/data/projects/mohd/data/Molecular/3_RNA/MOHD_ER100190/MOHD_ER100190_R2.fastq.gz
ER100191	/data/projects/mohd/data/Molecular/3_RNA/MOHD_ER100191/MOHD_ER100191_R1.fastq.gz	/data/projects/mohd/data/Molecular/3_RNA/MOHD_ER100191/MOHD_ER100191_R2.fastq.gz
ER100192	/data/projects/mohd/data/Molecular/3_RNA/MOHD_ER100192/MOHD_ER100192_R1.fastq.gz	/data/projects/mohd/data/Molecular/3_RNA/MOHD_ER100192/MOHD_ER100192_R2.fastq.gz
ER100193	/data/projects/mohd/data/Molecular/3_RNA/MOHD_ER100193/MOHD_ER100193_R1.fastq.gz	/data/projects/mohd/data/Molecular/3_RNA/MOHD_ER100193/MOHD_ER100193_R2.fastq.gz
ER100194	/data/projects/mohd/data/Molecular/3_RNA/MOHD_ER100194/MOHD_ER100194_R1.fastq.gz	/data/projects/mohd/data/Molecular/3_RNA/MOHD_ER100194/MOHD_ER100194_R2.fastq.gz
ER100195	/data/projects/mohd/data/Molecular/3_RNA/MOHD_ER100195/MOHD_ER100195_R1.fastq.gz	/data/projects/mohd/data/Molecular/3_RNA/MOHD_ER100195/MOHD_ER100195_R2.fastq.gz
ER100196	/data/projects/mohd/data/Molecular/3_RNA/MOHD_ER100196/MOHD_ER100196_R1.fastq.gz	/data/projects/mohd/data/Molecular/3_RNA/MOHD_ER100196/MOHD_ER100196_R2.fastq.gz
ER100197	/data/projects/mohd/data/Molecular/3_RNA/MOHD_ER100197/MOHD_ER100197_R1.fastq.gz	/data/projects/mohd/data/Molecular/3_RNA/MOHD_ER100197/MOHD_ER100197_R2.fastq.gz
ER100198	/data/projects/mohd/data/Molecular/3_RNA/MOHD_ER100198/MOHD_ER100198_R1.fastq.gz	/data/projects/mohd/data/Molecular/3_RNA/MOHD_ER100198/MOHD_ER100198_R2.fastq.gz
ER100199	/data/projects/mohd/data/Molecular/3_RNA/MOHD_ER100199/MOHD_ER100199_R1.fastq.gz	/data/projects/mohd/data/Molecular/3_RNA/MOHD_ER100199/MOHD_ER100199_R2.fastq.gz
ER100200	/data/projects/mohd/data/Molecular/3_RNA/MOHD_ER100200/MOHD_ER100200_R1.fastq.gz	/data/projects/mohd/data/Molecular/3_RNA/MOHD_ER100200/MOHD_ER100200_R2.fastq.gz
ER100201	/data/projects/mohd/data/Molecular/3_RNA/MOHD_ER100201/MOHD_ER100201_R1.fastq.gz	/data/projects/mohd/data/Molecular/3_RNA/MOHD_ER100201/MOHD_ER100201_R2.fastq.gz
ER100202	/data/projects/mohd/data/Molecular/3_RNA/MOHD_ER100202/MOHD_ER100202_R1.fastq.gz	/data/projects/mohd/data/Molecular/3_RNA/MOHD_ER100202/MOHD_ER100202_R2.fastq.gz
ER100203	/data/projects/mohd/data/Molecular/3_RNA/MOHD_ER100203/MOHD_ER100203_R1.fastq.gz	/data/projects/mohd/data/Molecular/3_RNA/MOHD_ER100203/MOHD_ER100203_R2.fastq.gz
ER100204	/data/projects/mohd/data/Molecular/3_RNA/MOHD_ER100204/MOHD_ER100204_R1.fastq.gz	/data/projects/mohd/data/Molecular/3_RNA/MOHD_ER100204/MOHD_ER100204_R2.fastq.gz
ER100205	/data/projects/mohd/data/Molecular/3_RNA/MOHD_ER100205/MOHD_ER100205_R1.fastq.gz	/data/projects/mohd/data/Molecular/3_RNA/MOHD_ER100205/MOHD_ER100205_R2.fastq.gz
ER100206	/data/projects/mohd/data/Molecular/3_RNA/MOHD_ER100206/MOHD_ER100206_R1.fastq.gz	/data/projects/mohd/data/Molecular/3_RNA/MOHD_ER100206/MOHD_ER100206_R2.fastq.gz
ER100207	/data/projects/mohd/data/Molecular/3_RNA/MOHD_ER100207/MOHD_ER100207_R1.fastq.gz	/data/projects/mohd/data/Molecular/3_RNA/MOHD_ER100207/MOHD_ER100207_R2.fastq.gz
ER100208	/data/projects/mohd/data/Molecular/3_RNA/MOHD_ER100208/MOHD_ER100208_R1.fastq.gz	/data/projects/mohd/data/Molecular/3_RNA/MOHD_ER100208/MOHD_ER100208_R2.fastq.gz
ER100209	/data/projects/mohd/data/Molecular/3_RNA/MOHD_ER100209/MOHD_ER100209_R1.fastq.gz	/data/projects/mohd/data/Molecular/3_RNA/MOHD_ER100209/MOHD_ER100209_R2.fastq.gz
ER100210	/data/projects/mohd/data/Molecular/3_RNA/MOHD_ER100210/MOHD_ER100210_R1.fastq.gz	/data/projects/mohd/data/Molecular/3_RNA/MOHD_ER100210/MOHD_ER100210_R2.fastq.gz
ER100211	/data/projects/mohd/data/Molecular/3_RNA/MOHD_ER100211/MOHD_ER100211_R1.fastq.gz	/data/projects/mohd/data/Molecular/3_RNA/MOHD_ER100211/MOHD_ER100211_R2.fastq.gz
ER100212	/data/projects/mohd/data/Molecular/3_RNA/MOHD_ER100212/MOHD_ER100212_R1.fastq.gz	/data/projects/mohd/data/Molecular/3_RNA/MOHD_ER100212/MOHD_ER100212_R2.fastq.gz
ER100213	/data/projects/mohd/data/Molecular/3_RNA/MOHD_ER100213/MOHD_ER100213_R1.fastq.gz	/data/projects/mohd/data/Molecular/3_RNA/MOHD_ER100213/MOHD_ER100213_R2.fastq.gz
ER100214	/data/projects/mohd/data/Molecular/3_RNA/MOHD_ER100214/MOHD_ER100214_R1.fastq.gz	/data/projects/mohd/data/Molecular/3_RNA/MOHD_ER100214/MOHD_ER100214_R2.fastq.gz
ER100215	/data/projects/mohd/data/Molecular/3_RNA/MOHD_ER100215/MOHD_ER100215_R1.fastq.gz	/data/projects/mohd/data/Molecular/3_RNA/MOHD_ER100215/MOHD_ER100215_R2.fastq.gz
ER100216	/data/projects/mohd/data/Molecular/3_RNA/MOHD_ER100216/MOHD_ER100216_R1.fastq.gz	/data/projects/mohd/data/Molecular/3_RNA/MOHD_ER100216/MOHD_ER100216_R2.fastq.gz
ER100217	/data/projects/mohd/data/Molecular/3_RNA/MOHD_ER100217/MOHD_ER100217_R1.fastq.gz	/data/projects/mohd/data/Molecular/3_RNA/MOHD_ER100217/MOHD_ER100217_R2.fastq.gz
ER100218	/data/projects/mohd/data/Molecular/3_RNA/MOHD_ER100218/MOHD_ER100218_R1.fastq.gz	/data/projects/mohd/data/Molecular/3_RNA/MOHD_ER100218/MOHD_ER100218_R2.fastq.gz
ER100219	/data/projects/mohd/data/Molecular/3_RNA/MOHD_ER100219/MOHD_ER100219_R1.fastq.gz	/data/projects/mohd/data/Molecular/3_RNA/MOHD_ER100219/MOHD_ER100219_R2.fastq.gz
ER100220	/data/projects/mohd/data/Molecular/3_RNA/MOHD_ER100220/MOHD_ER100220_R1.fastq.gz	/data/projects/mohd/data/Molecular/3_RNA/MOHD_ER100220/MOHD_ER100220_R2.fastq.gz
ER100221	/data/projects/mohd/data/Molecular/3_RNA/MOHD_ER100221/MOHD_ER100221_R1.fastq.gz	/data/projects/mohd/data/Molecular/3_RNA/MOHD_ER100221/MOHD_ER100221_R2.fastq.gz
ER100222	/data/projects/mohd/data/Molecular/3_RNA/MOHD_ER100222/MOHD_ER100222_R1.fastq.gz	/data/projects/mohd/data/Molecular/3_RNA/MOHD_ER100222/MOHD_ER100222_R2.fastq.gz
ER100223	/data/projects/mohd/data/Molecular/3_RNA/MOHD_ER100223/MOHD_ER100223_R1.fastq.gz	/data/projects/mohd/data/Molecular/3_RNA/MOHD_ER100223/MOHD_ER100223_R2.fastq.gz
ER100224	/data/projects/mohd/data/Molecular/3_RNA/MOHD_ER100224/MOHD_ER100224_R1.fastq.gz	/data/projects/mohd/data/Molecular/3_RNA/MOHD_ER100224/MOHD_ER100224_R2.fastq.gz
ER100225	/data/projects/mohd/data/Molecular/3_RNA/MOHD_ER100225/MOHD_ER100225_R1.fastq.gz	/data/projects/mohd/data/Molecular/3_RNA/MOHD_ER100225/MOHD_ER100225_R2.fastq.gz
ER100226	/data/projects/mohd/data/Molecular/3_RNA/MOHD_ER100226/MOHD_ER100226_R1.fastq.gz	/data/projects/mohd/data/Molecular/3_RNA/MOHD_ER100226/MOHD_ER100226_R2.fastq.gz
ER100227	/data/projects/mohd/data/Molecular/3_RNA/MOHD_ER100227/MOHD_ER100227_R1.fastq.gz	/data/projects/mohd/data/Molecular/3_RNA/MOHD_ER100227/MOHD_ER100227_R2.fastq.gz
ER100228	/data/projects/mohd/data/Molecular/3_RNA/MOHD_ER100228/MOHD_ER100228_R1.fastq.gz	/data/projects/mohd/data/Molecular/3_RNA/MOHD_ER100228/MOHD_ER100228_R2.fastq.gz
ER100229	/data/projects/mohd/data/Molecular/3_RNA/MOHD_ER100229/MOHD_ER100229_R1.fastq.gz	/data/projects/mohd/data/Molecular/3_RNA/MOHD_ER100229/MOHD_ER100229_R2.fastq.gz
ER100230	/data/projects/mohd/data/Molecular/3_RNA/MOHD_ER100230/MOHD_ER100230_R1.fastq.gz	/data/projects/mohd/data/Molecular/3_RNA/MOHD_ER100230/MOHD_ER100230_R2.fastq.gz
ER100231	/data/projects/mohd/data/Molecular/3_RNA/MOHD_ER100231/MOHD_ER100231_R1.fastq.gz	/data/projects/mohd/data/Molecular/3_RNA/MOHD_ER100231/MOHD_ER100231_R2.fastq.gz
ER100232	/data/projects/mohd/data/Molecular/3_RNA/MOHD_ER100232/MOHD_ER100232_R1.fastq.gz	/data/projects/mohd/data/Molecular/3_RNA/MOHD_ER100232/MOHD_ER100232_R2.fastq.gz
ER100233	/data/projects/mohd/data/Molecular/3_RNA/MOHD_ER100233/MOHD_ER100233_R1.fastq.gz	/data/projects/mohd/data/Molecular/3_RNA/MOHD_ER100233/MOHD_ER100233_R2.fastq.gz
ER100234	/data/projects/mohd/data/Molecular/3_RNA/MOHD_ER100234/MOHD_ER100234_R1.fastq.gz	/data/projects/mohd/data/Molecular/3_RNA/MOHD_ER100234/MOHD_ER100234_R2.fastq.gz
ER100235	/data/projects/mohd/data/Molecular/3_RNA/MOHD_ER100235/MOHD_ER100235_R1.fastq.gz	/data/projects/mohd/data/Molecular/3_RNA/MOHD_ER100235/MOHD_ER100235_R2.fastq.gz
ER100236	/data/projects/mohd/data/Molecular/3_RNA/MOHD_ER100236/MOHD_ER100236_R1.fastq.gz	/data/projects/mohd/data/Molecular/3_RNA/MOHD_ER100236/MOHD_ER100236_R2.fastq.gz
ER100237	/data/projects/mohd/data/Molecular/3_RNA/MOHD_ER100237/MOHD_ER100237_R1.fastq.gz	/data/projects/mohd/data/Molecular/3_RNA/MOHD_ER100237/MOHD_ER100237_R2.fastq.gz
ER100238	/data/projects/mohd/data/Molecular/3_RNA/MOHD_ER100238/MOHD_ER100238_R1.fastq.gz	/data/projects/mohd/data/Molecular/3_RNA/MOHD_ER100238/MOHD_ER100238_R2.fastq.gz
ER100239	/data/projects/mohd/data/Molecular/3_RNA/MOHD_ER100239/MOHD_ER100239_R1.fastq.gz	/data/projects/mohd/data/Molecular/3_RNA/MOHD_ER100239/MOHD_ER100239_R2.fastq.gz
ER100240	/data/projects/mohd/data/Molecular/3_RNA/MOHD_ER100240/MOHD_ER100240_R1.fastq.gz	/data/projects/mohd/data/Molecular/3_RNA/MOHD_ER100240/MOHD_ER100240_R2.fastq.gz
ER100241	/data/projects/mohd/data/Molecular/3_RNA/MOHD_ER100241/MOHD_ER100241_R1.fastq.gz	/data/projects/mohd/data/Molecular/3_RNA/MOHD_ER100241/MOHD_ER100241_R2.fastq.gz
ER100242	/data/projects/mohd/data/Molecular/3_RNA/MOHD_ER100242/MOHD_ER100242_R1.fastq.gz	/data/projects/mohd/data/Molecular/3_RNA/MOHD_ER100242/MOHD_ER100242_R2.fastq.gz
ER100243	/data/projects/mohd/data/Molecular/3_RNA/MOHD_ER100243/MOHD_ER100243_R1.fastq.gz	/data/projects/mohd/data/Molecular/3_RNA/MOHD_ER100243/MOHD_ER100243_R2.fastq.gz
ER100244	/data/projects/mohd/data/Molecular/3_RNA/MOHD_ER100244/MOHD_ER100244_R1.fastq.gz	/data/projects/mohd/data/Molecular/3_RNA/MOHD_ER100244/MOHD_ER100244_R2.fastq.gz
ER100245	/data/projects/mohd/data/Molecular/3_RNA/MOHD_ER100245/MOHD_ER100245_R1.fastq.gz	/data/projects/mohd/data/Molecular/3_RNA/MOHD_ER100245/MOHD_ER100245_R2.fastq.gz
ER100246	/data/projects/mohd/data/Molecular/3_RNA/MOHD_ER100246/MOHD_ER100246_R1.fastq.gz	/data/projects/mohd/data/Molecular/3_RNA/MOHD_ER100246/MOHD_ER100246_R2.fastq.gz
ER100247	/data/projects/mohd/data/Molecular/3_RNA/MOHD_ER100247/MOHD_ER100247_R1.fastq.gz	/data/projects/mohd/data/Molecular/3_RNA/MOHD_ER100247/MOHD_ER100247_R2.fastq.gz
ER100248	/data/projects/mohd/data/Molecular/3_RNA/MOHD_ER100248/MOHD_ER100248_R1.fastq.gz	/data/projects/mohd/data/Molecular/3_RNA/MOHD_ER100248/MOHD_ER100248_R2.fastq.gz
ER100249	/data/projects/mohd/data/Molecular/3_RNA/MOHD_ER100249/MOHD_ER100249_R1.fastq.gz	/data/projects/mohd/data/Molecular/3_RNA/MOHD_ER100249/MOHD_ER100249_R2.fastq.gz
ER100250	/data/projects/mohd/data/Molecular/3_RNA/MOHD_ER100250/MOHD_ER100250_R1.fastq.gz	/data/projects/mohd/data/Molecular/3_RNA/MOHD_ER100250/MOHD_ER100250_R2.fastq.gz
ER100251	/data/projects/mohd/data/Molecular/3_RNA/MOHD_ER100251/MOHD_ER100251_R1.fastq.gz	/data/projects/mohd/data/Molecular/3_RNA/MOHD_ER100251/MOHD_ER100251_R2.fastq.gz
ER100252	/data/projects/mohd/data/Molecular/3_RNA/MOHD_ER100252/MOHD_ER100252_R1.fastq.gz	/data/projects/mohd/data/Molecular/3_RNA/MOHD_ER100252/MOHD_ER100252_R2.fastq.gz
ER100253	/data/projects/mohd/data/Molecular/3_RNA/MOHD_ER100253/MOHD_ER100253_R1.fastq.gz	/data/projects/mohd/data/Molecular/3_RNA/MOHD_ER100253/MOHD_ER100253_R2.fastq.gz
ER100254	/data/projects/mohd/data/Molecular/3_RNA/MOHD_ER100254/MOHD_ER100254_R1.fastq.gz	/data/projects/mohd/data/Molecular/3_RNA/MOHD_ER100254/MOHD_ER100254_R2.fastq.gz
ER100255	/data/projects/mohd/data/Molecular/3_RNA/MOHD_ER100255/MOHD_ER100255_R1.fastq.gz	/data/projects/mohd/data/Molecular/3_RNA/MOHD_ER100255/MOHD_ER100255_R2.fastq.gz
ER100256	/data/projects/mohd/data/Molecular/3_RNA/MOHD_ER100256/MOHD_ER100256_R1.fastq.gz	/data/projects/mohd/data/Molecular/3_RNA/MOHD_ER100256/MOHD_ER100256_R2.fastq.gz
ER100257	/data/projects/mohd/data/Molecular/3_RNA/MOHD_ER100257/MOHD_ER100257_R1.fastq.gz	/data/projects/mohd/data/Molecular/3_RNA/MOHD_ER100257/MOHD_ER100257_R2.fastq.gz
ER100258	/data/projects/mohd/data/Molecular/3_RNA/MOHD_ER100258/MOHD_ER100258_R1.fastq.gz	/data/projects/mohd/data/Molecular/3_RNA/MOHD_ER100258/MOHD_ER100258_R2.fastq.gz
ER100259	/data/projects/mohd/data/Molecular/3_RNA/MOHD_ER100259/MOHD_ER100259_R1.fastq.gz	/data/projects/mohd/data/Molecular/3_RNA/MOHD_ER100259/MOHD_ER100259_R2.fastq.gz
ER100260	/data/projects/mohd/data/Molecular/3_RNA/MOHD_ER100260/MOHD_ER100260_R1.fastq.gz	/data/projects/mohd/data/Molecular/3_RNA/MOHD_ER100260/MOHD_ER100260_R2.fastq.gz
ER100261	/data/projects/mohd/data/Molecular/3_RNA/MOHD_ER100261/MOHD_ER100261_R1.fastq.gz	/data/projects/mohd/data/Molecular/3_RNA/MOHD_ER100261/MOHD_ER100261_R2.fastq.gz
ER100262	/data/projects/mohd/data/Molecular/3_RNA/MOHD_ER100262/MOHD_ER100262_R1.fastq.gz	/data/projects/mohd/data/Molecular/3_RNA/MOHD_ER100262/MOHD_ER100262_R2.fastq.gz
ER100263	/data/projects/mohd/data/Molecular/3_RNA/MOHD_ER100263/MOHD_ER100263_R1.fastq.gz	/data/projects/mohd/data/Molecular/3_RNA/MOHD_ER100263/MOHD_ER100263_R2.fastq.gz
ER100264	/data/projects/mohd/data/Molecular/3_RNA/MOHD_ER100264/MOHD_ER100264_R1.fastq.gz	/data/projects/mohd/data/Molecular/3_RNA/MOHD_ER100264/MOHD_ER100264_R2.fastq.gz
ER100265	/data/projects/mohd/data/Molecular/3_RNA/MOHD_ER100265/MOHD_ER100265_R1.fastq.gz	/data/projects/mohd/data/Molecular/3_RNA/MOHD_ER100265/MOHD_ER100265_R2.fastq.gz
ER100266	/data/projects/mohd/data/Molecular/3_RNA/MOHD_ER100266/MOHD_ER100266_R1.fastq.gz	/data/projects/mohd/data/Molecular/3_RNA/MOHD_ER100266/MOHD_ER100266_R2.fastq.gz
ER100267	/data/projects/mohd/data/Molecular/3_RNA/MOHD_ER100267/MOHD_ER100267_R1.fastq.gz	/data/projects/mohd/data/Molecular/3_RNA/MOHD_ER100267/MOHD_ER100267_R2.fastq.gz
ER100268	/data/projects/mohd/data/Molecular/3_RNA/MOHD_ER100268/MOHD_ER100268_R1.fastq.gz	/data/projects/mohd/data/Molecular/3_RNA/MOHD_ER100268/MOHD_ER100268_R2.fastq.gz
ER100269	/data/projects/mohd/data/Molecular/3_RNA/MOHD_ER100269/MOHD_ER100269_R1.fastq.gz	/data/projects/mohd/data/Molecular/3_RNA/MOHD_ER100269/MOHD_ER100269_R2.fastq.gz
ER100270	/data/projects/mohd/data/Molecular/3_RNA/MOHD_ER100270/MOHD_ER100270_R1.fastq.gz	/data/projects/mohd/data/Molecular/3_RNA/MOHD_ER100270/MOHD_ER100270_R2.fastq.gz
ER100271	/data/projects/mohd/data/Molecular/3_RNA/MOHD_ER100271/MOHD_ER100271_R1.fastq.gz	/data/projects/mohd/data/Molecular/3_RNA/MOHD_ER100271/MOHD_ER100271_R2.fastq.gz
ER100272	/data/projects/mohd/data/Molecular/3_RNA/MOHD_ER100272/MOHD_ER100272_R1.fastq.gz	/data/projects/mohd/data/Molecular/3_RNA/MOHD_ER100272/MOHD_ER100272_R2.fastq.gz
ER100273	/data/projects/mohd/data/Molecular/3_RNA/MOHD_ER100273/MOHD_ER100273_R1.fastq.gz	/data/projects/mohd/data/Molecular/3_RNA/MOHD_ER100273/MOHD_ER100273_R2.fastq.gz
ER100274	/data/projects/mohd/data/Molecular/3_RNA/MOHD_ER100274/MOHD_ER100274_R1.fastq.gz	/data/projects/mohd/data/Molecular/3_RNA/MOHD_ER100274/MOHD_ER100274_R2.fastq.gz
ER100275	/data/projects/mohd/data/Molecular/3_RNA/MOHD_ER100275/MOHD_ER100275_R1.fastq.gz	/data/projects/mohd/data/Molecular/3_RNA/MOHD_ER100275/MOHD_ER100275_R2.fastq.gz
ER100276	/data/projects/mohd/data/Molecular/3_RNA/MOHD_ER100276/MOHD_ER100276_R1.fastq.gz	/data/projects/mohd/data/Molecular/3_RNA/MOHD_ER100276/MOHD_ER100276_R2.fastq.gz
ER100277	/data/projects/mohd/data/Molecular/3_RNA/MOHD_ER100277/MOHD_ER100277_R1.fastq.gz	/data/projects/mohd/data/Molecular/3_RNA/MOHD_ER100277/MOHD_ER100277_R2.fastq.gz
ER100278	/data/projects/mohd/data/Molecular/3_RNA/MOHD_ER100278/MOHD_ER100278_R1.fastq.gz	/data/projects/mohd/data/Molecular/3_RNA/MOHD_ER100278/MOHD_ER100278_R2.fastq.gz
ER100279	/data/projects/mohd/data/Molecular/3_RNA/MOHD_ER100279/MOHD_ER100279_R1.fastq.gz	/data/projects/mohd/data/Molecular/3_RNA/MOHD_ER100279/MOHD_ER100279_R2.fastq.gz
ER100280	/data/projects/mohd/data/Molecular/3_RNA/MOHD_ER100280/MOHD_ER100280_R1.fastq.gz	/data/projects/mohd/data/Molecular/3_RNA/MOHD_ER100280/MOHD_ER100280_R2.fastq.gz
ER100281	/data/projects/mohd/data/Molecular/3_RNA/MOHD_ER100281/MOHD_ER100281_R1.fastq.gz	/data/projects/mohd/data/Molecular/3_RNA/MOHD_ER100281/MOHD_ER100281_R2.fastq.gz
ER100282	/data/projects/mohd/data/Molecular/3_RNA/MOHD_ER100282/MOHD_ER100282_R1.fastq.gz	/data/projects/mohd/data/Molecular/3_RNA/MOHD_ER100282/MOHD_ER100282_R2.fastq.gz
ER100283	/data/projects/mohd/data/Molecular/3_RNA/MOHD_ER100283/MOHD_ER100283_R1.fastq.gz	/data/projects/mohd/data/Molecular/3_RNA/MOHD_ER100283/MOHD_ER100283_R2.fastq.gz
ER100284	/data/projects/mohd/data/Molecular/3_RNA/MOHD_ER100284/MOHD_ER100284_R1.fastq.gz	/data/projects/mohd/data/Molecular/3_RNA/MOHD_ER100284/MOHD_ER100284_R2.fastq.gz
ER100285	/data/projects/mohd/data/Molecular/3_RNA/MOHD_ER100285/MOHD_ER100285_R1.fastq.gz	/data/projects/mohd/data/Molecular/3_RNA/MOHD_ER100285/MOHD_ER100285_R2.fastq.gz
ER100286	/data/projects/mohd/data/Molecular/3_RNA/MOHD_ER100286/MOHD_ER100286_R1.fastq.gz	/data/projects/mohd/data/Molecular/3_RNA/MOHD_ER100286/MOHD_ER100286_R2.fastq.gz
ER100287	/data/projects/mohd/data/Molecular/3_RNA/MOHD_ER100287/MOHD_ER100287_R1.fastq.gz	/data/projects/mohd/data/Molecular/3_RNA/MOHD_ER100287/MOHD_ER100287_R2.fastq.gz
ER100288	/data/projects/mohd/data/Molecular/3_RNA/MOHD_ER100288/MOHD_ER100288_R1.fastq.gz	/data/projects/mohd/data/Molecular/3_RNA/MOHD_ER100288/MOHD_ER100288_R2.fastq.gz
ER100289	/data/projects/mohd/data/Molecular/3_RNA/MOHD_ER100289/MOHD_ER100289_R1.fastq.gz	/data/projects/mohd/data/Molecular/3_RNA/MOHD_ER100289/MOHD_ER100289_R2.fastq.gz
ER100290	/data/projects/mohd/data/Molecular/3_RNA/MOHD_ER100290/MOHD_ER100290_R1.fastq.gz	/data/projects/mohd/data/Molecular/3_RNA/MOHD_ER100290/MOHD_ER100290_R2.fastq.gz
ER100291	/data/projects/mohd/data/Molecular/3_RNA/MOHD_ER100291/MOHD_ER100291_R1.fastq.gz	/data/projects/mohd/data/Molecular/3_RNA/MOHD_ER100291/MOHD_ER100291_R2.fastq.gz
ER100292	/data/projects/mohd/data/Molecular/3_RNA/MOHD_ER100292/MOHD_ER100292_R1.fastq.gz	/data/projects/mohd/data/Molecular/3_RNA/MOHD_ER100292/MOHD_ER100292_R2.fastq.gz
ER100293	/data/projects/mohd/data/Molecular/3_RNA/MOHD_ER100293/MOHD_ER100293_R1.fastq.gz	/data/projects/mohd/data/Molecular/3_RNA/MOHD_ER100293/MOHD_ER100293_R2.fastq.gz
ER100294	/data/projects/mohd/data/Molecular/3_RNA/MOHD_ER100294/MOHD_ER100294_R1.fastq.gz	/data/projects/mohd/data/Molecular/3_RNA/MOHD_ER100294/MOHD_ER100294_R2.fastq.gz
ER100295	/data/projects/mohd/data/Molecular/3_RNA/MOHD_ER100295/MOHD_ER100295_R1.fastq.gz	/data/projects/mohd/data/Molecular/3_RNA/MOHD_ER100295/MOHD_ER100295_R2.fastq.gz
ER100296	/data/projects/mohd/data/Molecular/3_RNA/MOHD_ER100296/MOHD_ER100296_R1.fastq.gz	/data/projects/mohd/data/Molecular/3_RNA/MOHD_ER100296/MOHD_ER100296_R2.fastq.gz
ER100297	/data/projects/mohd/data/Molecular/3_RNA/MOHD_ER100297/MOHD_ER100297_R1.fastq.gz	/data/projects/mohd/data/Molecular/3_RNA/MOHD_ER100297/MOHD_ER100297_R2.fastq.gz
ER100298	/data/projects/mohd/data/Molecular/3_RNA/MOHD_ER100298/MOHD_ER100298_R1.fastq.gz	/data/projects/mohd/data/Molecular/3_RNA/MOHD_ER100298/MOHD_ER100298_R2.fastq.gz
ER100299	/data/projects/mohd/data/Molecular/3_RNA/MOHD_ER100299/MOHD_ER100299_R1.fastq.gz	/data/projects/mohd/data/Molecular/3_RNA/MOHD_ER100299/MOHD_ER100299_R2.fastq.gz
ER100300	/data/projects/mohd/data/Molecular/3_RNA/MOHD_ER100300/MOHD_ER100300_R1.fastq.gz	/data/projects/mohd/data/Molecular/3_RNA/MOHD_ER100300/MOHD_ER100300_R2.fastq.gz
ER100301	/data/projects/mohd/data/Molecular/3_RNA/MOHD_ER100301/MOHD_ER100301_R1.fastq.gz	/data/projects/mohd/data/Molecular/3_RNA/MOHD_ER100301/MOHD_ER100301_R2.fastq.gz
ER100302	/data/projects/mohd/data/Molecular/3_RNA/MOHD_ER100302/MOHD_ER100302_R1.fastq.gz	/data/projects/mohd/data/Molecular/3_RNA/MOHD_ER100302/MOHD_ER100302_R2.fastq.gz
ER100303	/data/projects/mohd/data/Molecular/3_RNA/MOHD_ER100303/MOHD_ER100303_R1.fastq.gz	/data/projects/mohd/data/Molecular/3_RNA/MOHD_ER100303/MOHD_ER100303_R2.fastq.gz
ER100304	/data/projects/mohd/data/Molecular/3_RNA/MOHD_ER100304/MOHD_ER100304_R1.fastq.gz	/data/projects/mohd/data/Molecular/3_RNA/MOHD_ER100304/MOHD_ER100304_R2.fastq.gz
ER100305	/data/projects/mohd/data/Molecular/3_RNA/MOHD_ER100305/MOHD_ER100305_R1.fastq.gz	/data/projects/mohd/data/Molecular/3_RNA/MOHD_ER100305/MOHD_ER100305_R2.fastq.gz
ER100306	/data/projects/mohd/data/Molecular/3_RNA/MOHD_ER100306/MOHD_ER100306_R1.fastq.gz	/data/projects/mohd/data/Molecular/3_RNA/MOHD_ER100306/MOHD_ER100306_R2.fastq.gz
ER100307	/data/projects/mohd/data/Molecular/3_RNA/MOHD_ER100307/MOHD_ER100307_R1.fastq.gz	/data/projects/mohd/data/Molecular/3_RNA/MOHD_ER100307/MOHD_ER100307_R2.fastq.gz
ER100308	/data/projects/mohd/data/Molecular/3_RNA/MOHD_ER100308/MOHD_ER100308_R1.fastq.gz	/data/projects/mohd/data/Molecular/3_RNA/MOHD_ER100308/MOHD_ER100308_R2.fastq.gz
ER100309	/data/projects/mohd/data/Molecular/3_RNA/MOHD_ER100309/MOHD_ER100309_R1.fastq.gz	/data/projects/mohd/data/Molecular/3_RNA/MOHD_ER100309/MOHD_ER100309_R2.fastq.gz
ER100310	/data/projects/mohd/data/Molecular/3_RNA/MOHD_ER100310/MOHD_ER100310_R1.fastq.gz	/data/projects/mohd/data/Molecular/3_RNA/MOHD_ER100310/MOHD_ER100310_R2.fastq.gz
ER100311	/data/projects/mohd/data/Molecular/3_RNA/MOHD_ER100311/MOHD_ER100311_R1.fastq.gz	/data/projects/mohd/data/Molecular/3_RNA/MOHD_ER100311/MOHD_ER100311_R2.fastq.gz
ER100312	/data/projects/mohd/data/Molecular/3_RNA/MOHD_ER100312/MOHD_ER100312_R1.fastq.gz	/data/projects/mohd/data/Molecular/3_RNA/MOHD_ER100312/MOHD_ER100312_R2.fastq.gz
ER100313	/data/projects/mohd/data/Molecular/3_RNA/MOHD_ER100313/MOHD_ER100313_R1.fastq.gz	/data/projects/mohd/data/Molecular/3_RNA/MOHD_ER100313/MOHD_ER100313_R2.fastq.gz
ER100314	/data/projects/mohd/data/Molecular/3_RNA/MOHD_ER100314/MOHD_ER100314_R1.fastq.gz	/data/projects/mohd/data/Molecular/3_RNA/MOHD_ER100314/MOHD_ER100314_R2.fastq.gz
ER100315	/data/projects/mohd/data/Molecular/3_RNA/MOHD_ER100315/MOHD_ER100315_R1.fastq.gz	/data/projects/mohd/data/Molecular/3_RNA/MOHD_ER100315/MOHD_ER100315_R2.fastq.gz
ER100316	/data/projects/mohd/data/Molecular/3_RNA/MOHD_ER100316/MOHD_ER100316_R1.fastq.gz	/data/projects/mohd/data/Molecular/3_RNA/MOHD_ER100316/MOHD_ER100316_R2.fastq.gz
ER100317	/data/projects/mohd/data/Molecular/3_RNA/MOHD_ER100317/MOHD_ER100317_R1.fastq.gz	/data/projects/mohd/data/Molecular/3_RNA/MOHD_ER100317/MOHD_ER100317_R2.fastq.gz
ER100318	/data/projects/mohd/data/Molecular/3_RNA/MOHD_ER100318/MOHD_ER100318_R1.fastq.gz	/data/projects/mohd/data/Molecular/3_RNA/MOHD_ER100318/MOHD_ER100318_R2.fastq.gz
ER100319	/data/projects/mohd/data/Molecular/3_RNA/MOHD_ER100319/MOHD_ER100319_R1.fastq.gz	/data/projects/mohd/data/Molecular/3_RNA/MOHD_ER100319/MOHD_ER100319_R2.fastq.gz
ER100320	/data/projects/mohd/data/Molecular/3_RNA/MOHD_ER100320/MOHD_ER100320_R1.fastq.gz	/data/projects/mohd/data/Molecular/3_RNA/MOHD_ER100320/MOHD_ER100320_R2.fastq.gz
ER100321	/data/projects/mohd/data/Molecular/3_RNA/MOHD_ER100321/MOHD_ER100321_R1.fastq.gz	/data/projects/mohd/data/Molecular/3_RNA/MOHD_ER100321/MOHD_ER100321_R2.fastq.gz
ER100322	/data/projects/mohd/data/Molecular/3_RNA/MOHD_ER100322/MOHD_ER100322_R1.fastq.gz	/data/projects/mohd/data/Molecular/3_RNA/MOHD_ER100322/MOHD_ER100322_R2.fastq.gz
ER100323	/data/projects/mohd/data/Molecular/3_RNA/MOHD_ER100323/MOHD_ER100323_R1.fastq.gz	/data/projects/mohd/data/Molecular/3_RNA/MOHD_ER100323/MOHD_ER100323_R2.fastq.gz
ER100324	/data/projects/mohd/data/Molecular/3_RNA/MOHD_ER100324/MOHD_ER100324_R1.fastq.gz	/data/projects/mohd/data/Molecular/3_RNA/MOHD_ER100324/MOHD_ER100324_R2.fastq.gz
ER100325	/data/projects/mohd/data/Molecular/3_RNA/MOHD_ER100325/MOHD_ER100325_R1.fastq.gz	/data/projects/mohd/data/Molecular/3_RNA/MOHD_ER100325/MOHD_ER100325_R2.fastq.gz
ER100326	/data/projects/mohd/data/Molecular/3_RNA/MOHD_ER100326/MOHD_ER100326_R1.fastq.gz	/data/projects/mohd/data/Molecular/3_RNA/MOHD_ER100326/MOHD_ER100326_R2.fastq.gz
ER100327	/data/projects/mohd/data/Molecular/3_RNA/MOHD_ER100327/MOHD_ER100327_R1.fastq.gz	/data/projects/mohd/data/Molecular/3_RNA/MOHD_ER100327/MOHD_ER100327_R2.fastq.gz
ER100328	/data/projects/mohd/data/Molecular/3_RNA/MOHD_ER100328/MOHD_ER100328_R1.fastq.gz	/data/projects/mohd/data/Molecular/3_RNA/MOHD_ER100328/MOHD_ER100328_R2.fastq.gz
ER100329	/data/projects/mohd/data/Molecular/3_RNA/MOHD_ER100329/MOHD_ER100329_R1.fastq.gz	/data/projects/mohd/data/Molecular/3_RNA/MOHD_ER100329/MOHD_ER100329_R2.fastq.gz
ER100330	/data/projects/mohd/data/Molecular/3_RNA/MOHD_ER100330/MOHD_ER100330_R1.fastq.gz	/data/projects/mohd/data/Molecular/3_RNA/MOHD_ER100330/MOHD_ER100330_R2.fastq.gz
ER100331	/data/projects/mohd/data/Molecular/3_RNA/MOHD_ER100331/MOHD_ER100331_R1.fastq.gz	/data/projects/mohd/data/Molecular/3_RNA/MOHD_ER100331/MOHD_ER100331_R2.fastq.gz
ER100332	/data/projects/mohd/data/Molecular/3_RNA/MOHD_ER100332/MOHD_ER100332_R1.fastq.gz	/data/projects/mohd/data/Molecular/3_RNA/MOHD_ER100332/MOHD_ER100332_R2.fastq.gz
ER100333	/data/projects/mohd/data/Molecular/3_RNA/MOHD_ER100333/MOHD_ER100333_R1.fastq.gz	/data/projects/mohd/data/Molecular/3_RNA/MOHD_ER100333/MOHD_ER100333_R2.fastq.gz
ER100334	/data/projects/mohd/data/Molecular/3_RNA/MOHD_ER100334/MOHD_ER100334_R1.fastq.gz	/data/projects/mohd/data/Molecular/3_RNA/MOHD_ER100334/MOHD_ER100334_R2.fastq.gz
ER100335	/data/projects/mohd/data/Molecular/3_RNA/MOHD_ER100335/MOHD_ER100335_R1.fastq.gz	/data/projects/mohd/data/Molecular/3_RNA/MOHD_ER100335/MOHD_ER100335_R2.fastq.gz
ER100336	/data/projects/mohd/data/Molecular/3_RNA/MOHD_ER100336/MOHD_ER100336_R1.fastq.gz	/data/projects/mohd/data/Molecular/3_RNA/MOHD_ER100336/MOHD_ER100336_R2.fastq.gz
ER100337	/data/projects/mohd/data/Molecular/3_RNA/MOHD_ER100337/MOHD_ER100337_R1.fastq.gz	/data/projects/mohd/data/Molecular/3_RNA/MOHD_ER100337/MOHD_ER100337_R2.fastq.gz
ER100338	/data/projects/mohd/data/Molecular/3_RNA/MOHD_ER100338/MOHD_ER100338_R1.fastq.gz	/data/projects/mohd/data/Molecular/3_RNA/MOHD_ER100338/MOHD_ER100338_R2.fastq.gz
ER100339	/data/projects/mohd/data/Molecular/3_RNA/MOHD_ER100339/MOHD_ER100339_R1.fastq.gz	/data/projects/mohd/data/Molecular/3_RNA/MOHD_ER100339/MOHD_ER100339_R2.fastq.gz
ER100340	/data/projects/mohd/data/Molecular/3_RNA/MOHD_ER100340/MOHD_ER100340_R1.fastq.gz	/data/projects/mohd/data/Molecular/3_RNA/MOHD_ER100340/MOHD_ER100340_R2.fastq.gz
ER100341	/data/projects/mohd/data/Molecular/3_RNA/MOHD_ER100341/MOHD_ER100341_R1.fastq.gz	/data/projects/mohd/data/Molecular/3_RNA/MOHD_ER100341/MOHD_ER100341_R2.fastq.gz
ER100342	/data/projects/mohd/data/Molecular/3_RNA/MOHD_ER100342/MOHD_ER100342_R1.fastq.gz	/data/projects/mohd/data/Molecular/3_RNA/MOHD_ER100342/MOHD_ER100342_R2.fastq.gz
ER100343	/data/projects/mohd/data/Molecular/3_RNA/MOHD_ER100343/MOHD_ER100343_R1.fastq.gz	/data/projects/mohd/data/Molecular/3_RNA/MOHD_ER100343/MOHD_ER100343_R2.fastq.gz
ER100344	/data/projects/mohd/data/Molecular/3_RNA/MOHD_ER100344/MOHD_ER100344_R1.fastq.gz	/data/projects/mohd/data/Molecular/3_RNA/MOHD_ER100344/MOHD_ER100344_R2.fastq.gz
ER100345	/data/projects/mohd/data/Molecular/3_RNA/MOHD_ER100345/MOHD_ER100345_R1.fastq.gz	/data/projects/mohd/data/Molecular/3_RNA/MOHD_ER100345/MOHD_ER100345_R2.fastq.gz
ER100346	/data/projects/mohd/data/Molecular/3_RNA/MOHD_ER100346/MOHD_ER100346_R1.fastq.gz	/data/projects/mohd/data/Molecular/3_RNA/MOHD_ER100346/MOHD_ER100346_R2.fastq.gz
ER100347	/data/projects/mohd/data/Molecular/3_RNA/MOHD_ER100347/MOHD_ER100347_R1.fastq.gz	/data/projects/mohd/data/Molecular/3_RNA/MOHD_ER100347/MOHD_ER100347_R2.fastq.gz
ER100348	/data/projects/mohd/data/Molecular/3_RNA/MOHD_ER100348/MOHD_ER100348_R1.fastq.gz	/data/projects/mohd/data/Molecular/3_RNA/MOHD_ER100348/MOHD_ER100348_R2.fastq.gz
ER100349	/data/projects/mohd/data/Molecular/3_RNA/MOHD_ER100349/MOHD_ER100349_R1.fastq.gz	/data/projects/mohd/data/Molecular/3_RNA/MOHD_ER100349/MOHD_ER100349_R2.fastq.gz
ER100350	/data/projects/mohd/data/Molecular/3_RNA/MOHD_ER100350/MOHD_ER100350_R1.fastq.gz	/data/projects/mohd/data/Molecular/3_RNA/MOHD_ER100350/MOHD_ER100350_R2.fastq.gz
ER100351	/data/projects/mohd/data/Molecular/3_RNA/MOHD_ER100351/MOHD_ER100351_R1.fastq.gz	/data/projects/mohd/data/Molecular/3_RNA/MOHD_ER100351/MOHD_ER100351_R2.fastq.gz
ER100352	/data/projects/mohd/data/Molecular/3_RNA/MOHD_ER100352/MOHD_ER100352_R1.fastq.gz	/data/projects/mohd/data/Molecular/3_RNA/MOHD_ER100352/MOHD_ER100352_R2.fastq.gz
ER100353	/data/projects/mohd/data/Molecular/3_RNA/MOHD_ER100353/MOHD_ER100353_R1.fastq.gz	/data/projects/mohd/data/Molecular/3_RNA/MOHD_ER100353/MOHD_ER100353_R2.fastq.gz
ER100354	/data/projects/mohd/data/Molecular/3_RNA/MOHD_ER100354/MOHD_ER100354_R1.fastq.gz	/data/projects/mohd/data/Molecular/3_RNA/MOHD_ER100354/MOHD_ER100354_R2.fastq.gz
ER100355	/data/projects/mohd/data/Molecular/3_RNA/MOHD_ER100355/MOHD_ER100355_R1.fastq.gz	/data/projects/mohd/data/Molecular/3_RNA/MOHD_ER100355/MOHD_ER100355_R2.fastq.gz
ER100356	/data/projects/mohd/data/Molecular/3_RNA/MOHD_ER100356/MOHD_ER100356_R1.fastq.gz	/data/projects/mohd/data/Molecular/3_RNA/MOHD_ER100356/MOHD_ER100356_R2.fastq.gz
ER100357	/data/projects/mohd/data/Molecular/3_RNA/MOHD_ER100357/MOHD_ER100357_R1.fastq.gz	/data/projects/mohd/data/Molecular/3_RNA/MOHD_ER100357/MOHD_ER100357_R2.fastq.gz
ER100358	/data/projects/mohd/data/Molecular/3_RNA/MOHD_ER100358/MOHD_ER100358_R1.fastq.gz	/data/projects/mohd/data/Molecular/3_RNA/MOHD_ER100358/MOHD_ER100358_R2.fastq.gz
ER100359	/data/projects/mohd/data/Molecular/3_RNA/MOHD_ER100359/MOHD_ER100359_R1.fastq.gz	/data/projects/mohd/data/Molecular/3_RNA/MOHD_ER100359/MOHD_ER100359_R2.fastq.gz
ER100360	/data/projects/mohd/data/Molecular/3_RNA/MOHD_ER100360/MOHD_ER100360_R1.fastq.gz	/data/projects/mohd/data/Molecular/3_RNA/MOHD_ER100360/MOHD_ER100360_R2.fastq.gz
ER100361	/data/projects/mohd/data/Molecular/3_RNA/MOHD_ER100361/MOHD_ER100361_R1.fastq.gz	/data/projects/mohd/data/Molecular/3_RNA/MOHD_ER100361/MOHD_ER100361_R2.fastq.gz
ER100362	/data/projects/mohd/data/Molecular/3_RNA/MOHD_ER100362/MOHD_ER100362_R1.fastq.gz	/data/projects/mohd/data/Molecular/3_RNA/MOHD_ER100362/MOHD_ER100362_R2.fastq.gz
ER100363	/data/projects/mohd/data/Molecular/3_RNA/MOHD_ER100363/MOHD_ER100363_R1.fastq.gz	/data/projects/mohd/data/Molecular/3_RNA/MOHD_ER100363/MOHD_ER100363_R2.fastq.gz
ER100364	/data/projects/mohd/data/Molecular/3_RNA/MOHD_ER100364/MOHD_ER100364_R1.fastq.gz	/data/projects/mohd/data/Molecular/3_RNA/MOHD_ER100364/MOHD_ER100364_R2.fastq.gz
ER100365	/data/projects/mohd/data/Molecular/3_RNA/MOHD_ER100365/MOHD_ER100365_R1.fastq.gz	/data/projects/mohd/data/Molecular/3_RNA/MOHD_ER100365/MOHD_ER100365_R2.fastq.gz
ER100366	/data/projects/mohd/data/Molecular/3_RNA/MOHD_ER100366/MOHD_ER100366_R1.fastq.gz	/data/projects/mohd/data/Molecular/3_RNA/MOHD_ER100366/MOHD_ER100366_R2.fastq.gz
ER100367	/data/projects/mohd/data/Molecular/3_RNA/MOHD_ER100367/MOHD_ER100367_R1.fastq.gz	/data/projects/mohd/data/Molecular/3_RNA/MOHD_ER100367/MOHD_ER100367_R2.fastq.gz
ER100368	/data/projects/mohd/data/Molecular/3_RNA/MOHD_ER100368/MOHD_ER100368_R1.fastq.gz	/data/projects/mohd/data/Molecular/3_RNA/MOHD_ER100368/MOHD_ER100368_R2.fastq.gz
ER100369	/data/projects/mohd/data/Molecular/3_RNA/MOHD_ER100369/MOHD_ER100369_R1.fastq.gz	/data/projects/mohd/data/Molecular/3_RNA/MOHD_ER100369/MOHD_ER100369_R2.fastq.gz
ER100370	/data/projects/mohd/data/Molecular/3_RNA/MOHD_ER100370/MOHD_ER100370_R1.fastq.gz	/data/projects/mohd/data/Molecular/3_RNA/MOHD_ER100370/MOHD_ER100370_R2.fastq.gz
ER100371	/data/projects/mohd/data/Molecular/3_RNA/MOHD_ER100371/MOHD_ER100371_R1.fastq.gz	/data/projects/mohd/data/Molecular/3_RNA/MOHD_ER100371/MOHD_ER100371_R2.fastq.gz
ER100372	/data/projects/mohd/data/Molecular/3_RNA/MOHD_ER100372/MOHD_ER100372_R1.fastq.gz	/data/projects/mohd/data/Molecular/3_RNA/MOHD_ER100372/MOHD_ER100372_R2.fastq.gz
ER100373	/data/projects/mohd/data/Molecular/3_RNA/MOHD_ER100373/MOHD_ER100373_R1.fastq.gz	/data/projects/mohd/data/Molecular/3_RNA/MOHD_ER100373/MOHD_ER100373_R2.fastq.gz
ER100374	/data/projects/mohd/data/Molecular/3_RNA/MOHD_ER100374/MOHD_ER100374_R1.fastq.gz	/data/projects/mohd/data/Molecular/3_RNA/MOHD_ER100374/MOHD_ER100374_R2.fastq.gz
ER100375	/data/projects/mohd/data/Molecular/3_RNA/MOHD_ER100375/MOHD_ER100375_R1.fastq.gz	/data/projects/mohd/data/Molecular/3_RNA/MOHD_ER100375/MOHD_ER100375_R2.fastq.gz
ER100376	/data/projects/mohd/data/Molecular/3_RNA/MOHD_ER100376/MOHD_ER100376_R1.fastq.gz	/data/projects/mohd/data/Molecular/3_RNA/MOHD_ER100376/MOHD_ER100376_R2.fastq.gz
ER100377	/data/projects/mohd/data/Molecular/3_RNA/MOHD_ER100377/MOHD_ER100377_R1.fastq.gz	/data/projects/mohd/data/Molecular/3_RNA/MOHD_ER100377/MOHD_ER100377_R2.fastq.gz
ER100378	/data/projects/mohd/data/Molecular/3_RNA/MOHD_ER100378/MOHD_ER100378_R1.fastq.gz	/data/projects/mohd/data/Molecular/3_RNA/MOHD_ER100378/MOHD_ER100378_R2.fastq.gz
ER100379	/data/projects/mohd/data/Molecular/3_RNA/MOHD_ER100379/MOHD_ER100379_R1.fastq.gz	/data/projects/mohd/data/Molecular/3_RNA/MOHD_ER100379/MOHD_ER100379_R2.fastq.gz
ER100380	/data/projects/mohd/data/Molecular/3_RNA/MOHD_ER100380/MOHD_ER100380_R1.fastq.gz	/data/projects/mohd/data/Molecular/3_RNA/MOHD_ER100380/MOHD_ER100380_R2.fastq.gz
ER100381	/data/projects/mohd/data/Molecular/3_RNA/MOHD_ER100381/MOHD_ER100381_R1.fastq.gz	/data/projects/mohd/data/Molecular/3_RNA/MOHD_ER100381/MOHD_ER100381_R2.fastq.gz
ER100382	/data/projects/mohd/data/Molecular/3_RNA/MOHD_ER100382/MOHD_ER100382_R1.fastq.gz	/data/projects/mohd/data/Molecular/3_RNA/MOHD_ER100382/MOHD_ER100382_R2.fastq.gz
ER100383	/data/projects/mohd/data/Molecular/3_RNA/MOHD_ER100383/MOHD_ER100383_R1.fastq.gz	/data/projects/mohd/data/Molecular/3_RNA/MOHD_ER100383/MOHD_ER100383_R2.fastq.gz
ER100384	/data/projects/mohd/data/Molecular/3_RNA/MOHD_ER100384/MOHD_ER100384_R1.fastq.gz	/data/projects/mohd/data/Molecular/3_RNA/MOHD_ER100384/MOHD_ER100384_R2.fastq.gz
ER100385	/data/projects/mohd/data/Molecular/3_RNA/MOHD_ER100385/MOHD_ER100385_R1.fastq.gz	/data/projects/mohd/data/Molecular/3_RNA/MOHD_ER100385/MOHD_ER100385_R2.fastq.gz
ER100386	/data/projects/mohd/data/Molecular/3_RNA/MOHD_ER100386/MOHD_ER100386_R1.fastq.gz	/data/projects/mohd/data/Molecular/3_RNA/MOHD_ER100386/MOHD_ER100386_R2.fastq.gz
ER100387	/data/projects/mohd/data/Molecular/3_RNA/MOHD_ER100387/MOHD_ER100387_R1.fastq.gz	/data/projects/mohd/data/Molecular/3_RNA/MOHD_ER100387/MOHD_ER100387_R2.fastq.gz
ER100388	/data/projects/mohd/data/Molecular/3_RNA/MOHD_ER100388/MOHD_ER100388_R1.fastq.gz	/data/projects/mohd/data/Molecular/3_RNA/MOHD_ER100388/MOHD_ER100388_R2.fastq.gz
ER100389	/data/projects/mohd/data/Molecular/3_RNA/MOHD_ER100389/MOHD_ER100389_R1.fastq.gz	/data/projects/mohd/data/Molecular/3_RNA/MOHD_ER100389/MOHD_ER100389_R2.fastq.gz
ER100390	/data/projects/mohd/data/Molecular/3_RNA/MOHD_ER100390/MOHD_ER100390_R1.fastq.gz	/data/projects/mohd/data/Molecular/3_RNA/MOHD_ER100390/MOHD_ER100390_R2.fastq.gz
ER100391	/data/projects/mohd/data/Molecular/3_RNA/MOHD_ER100391/MOHD_ER100391_R1.fastq.gz	/data/projects/mohd/data/Molecular/3_RNA/MOHD_ER100391/MOHD_ER100391_R2.fastq.gz
ER100392	/data/projects/mohd/data/Molecular/3_RNA/MOHD_ER100392/MOHD_ER100392_R1.fastq.gz	/data/projects/mohd/data/Molecular/3_RNA/MOHD_ER100392/MOHD_ER100392_R2.fastq.gz
ER100393	/data/projects/mohd/data/Molecular/3_RNA/MOHD_ER100393/MOHD_ER100393_R1.fastq.gz	/data/projects/mohd/data/Molecular/3_RNA/MOHD_ER100393/MOHD_ER100393_R2.fastq.gz
ER100394	/data/projects/mohd/data/Molecular/3_RNA/MOHD_ER100394/MOHD_ER100394_R1.fastq.gz	/data/projects/mohd/data/Molecular/3_RNA/MOHD_ER100394/MOHD_ER100394_R2.fastq.gz
ER100395	/data/projects/mohd/data/Molecular/3_RNA/MOHD_ER100395/MOHD_ER100395_R1.fastq.gz	/data/projects/mohd/data/Molecular/3_RNA/MOHD_ER100395/MOHD_ER100395_R2.fastq.gz
ER100396	/data/projects/mohd/data/Molecular/3_RNA/MOHD_ER100396/MOHD_ER100396_R1.fastq.gz	/data/projects/mohd/data/Molecular/3_RNA/MOHD_ER100396/MOHD_ER100396_R2.fastq.gz
ER100397	/data/projects/mohd/data/Molecular/3_RNA/MOHD_ER100397/MOHD_ER100397_R1.fastq.gz	/data/projects/mohd/data/Molecular/3_RNA/MOHD_ER100397/MOHD_ER100397_R2.fastq.gz
ER100398	/data/projects/mohd/data/Molecular/3_RNA/MOHD_ER100398/MOHD_ER100398_R1.fastq.gz	/data/projects/mohd/data/Molecular/3_RNA/MOHD_ER100398/MOHD_ER100398_R2.fastq.gz
ER100399	/data/projects/mohd/data/Molecular/3_RNA/MOHD_ER100399/MOHD_ER100399_R1.fastq.gz	/data/projects/mohd/data/Molecular/3_RNA/MOHD_ER100399/MOHD_ER100399_R2.fastq.gz
ER100400	/data/projects/mohd/data/Molecular/3_RNA/MOHD_ER100400/MOHD_ER100400_R1.fastq.gz	/data/projects/mohd/data/Molecular/3_RNA/MOHD_ER100400/MOHD_ER100400_R2.fastq.gz
ER100401	/data/projects/mohd/data/Molecular/3_RNA/MOHD_ER100401/MOHD_ER100401_R1.fastq.gz	/data/projects/mohd/data/Molecular/3_RNA/MOHD_ER100401/MOHD_ER100401_R2.fastq.gz
ER100402	/data/projects/mohd/data/Molecular/3_RNA/MOHD_ER100402/MOHD_ER100402_R1.fastq.gz	/data/projects/mohd/data/Molecular/3_RNA/MOHD_ER100402/MOHD_ER100402_R2.fastq.gz
ER100403	/data/projects/mohd/data/Molecular/3_RNA/MOHD_ER100403/MOHD_ER100403_R1.fastq.gz	/data/projects/mohd/data/Molecular/3_RNA/MOHD_ER100403/MOHD_ER100403_R2.fastq.gz
ER100404	/data/projects/mohd/data/Molecular/3_RNA/MOHD_ER100404/MOHD_ER100404_R1.fastq.gz	/data/projects/mohd/data/Molecular/3_RNA/MOHD_ER100404/MOHD_ER100404_R2.fastq.gz
ER100405	/data/projects/mohd/data/Molecular/3_RNA/MOHD_ER100405/MOHD_ER100405_R1.fastq.gz	/data/projects/mohd/data/Molecular/3_RNA/MOHD_ER100405/MOHD_ER100405_R2.fastq.gz
ER100406	/data/projects/mohd/data/Molecular/3_RNA/MOHD_ER100406/MOHD_ER100406_R1.fastq.gz	/data/projects/mohd/data/Molecular/3_RNA/MOHD_ER100406/MOHD_ER100406_R2.fastq.gz
ER100407	/data/projects/mohd/data/Molecular/3_RNA/MOHD_ER100407/MOHD_ER100407_R1.fastq.gz	/data/projects/mohd/data/Molecular/3_RNA/MOHD_ER100407/MOHD_ER100407_R2.fastq.gz
ER100408	/data/projects/mohd/data/Molecular/3_RNA/MOHD_ER100408/MOHD_ER100408_R1.fastq.gz	/data/projects/mohd/data/Molecular/3_RNA/MOHD_ER100408/MOHD_ER100408_R2.fastq.gz
ER100409	/data/projects/mohd/data/Molecular/3_RNA/MOHD_ER100409/MOHD_ER100409_R1.fastq.gz	/data/projects/mohd/data/Molecular/3_RNA/MOHD_ER100409/MOHD_ER100409_R2.fastq.gz
ER100410	/data/projects/mohd/data/Molecular/3_RNA/MOHD_ER100410/MOHD_ER100410_R1.fastq.gz	/data/projects/mohd/data/Molecular/3_RNA/MOHD_ER100410/MOHD_ER100410_R2.fastq.gz
ER100411	/data/projects/mohd/data/Molecular/3_RNA/MOHD_ER100411/MOHD_ER100411_R1.fastq.gz	/data/projects/mohd/data/Molecular/3_RNA/MOHD_ER100411/MOHD_ER100411_R2.fastq.gz
ER100412	/data/projects/mohd/data/Molecular/3_RNA/MOHD_ER100412/MOHD_ER100412_R1.fastq.gz	/data/projects/mohd/data/Molecular/3_RNA/MOHD_ER100412/MOHD_ER100412_R2.fastq.gz
ER100413	/data/projects/mohd/data/Molecular/3_RNA/MOHD_ER100413/MOHD_ER100413_R1.fastq.gz	/data/projects/mohd/data/Molecular/3_RNA/MOHD_ER100413/MOHD_ER100413_R2.fastq.gz
ER100414	/data/projects/mohd/data/Molecular/3_RNA/MOHD_ER100414/MOHD_ER100414_R1.fastq.gz	/data/projects/mohd/data/Molecular/3_RNA/MOHD_ER100414/MOHD_ER100414_R2.fastq.gz
ER100415	/data/projects/mohd/data/Molecular/3_RNA/MOHD_ER100415/MOHD_ER100415_R1.fastq.gz	/data/projects/mohd/data/Molecular/3_RNA/MOHD_ER100415/MOHD_ER100415_R2.fastq.gz
ER100416	/data/projects/mohd/data/Molecular/3_RNA/MOHD_ER100416/MOHD_ER100416_R1.fastq.gz	/data/projects/mohd/data/Molecular/3_RNA/MOHD_ER100416/MOHD_ER100416_R2.fastq.gz
ER100417	/data/projects/mohd/data/Molecular/3_RNA/MOHD_ER100417/MOHD_ER100417_R1.fastq.gz	/data/projects/mohd/data/Molecular/3_RNA/MOHD_ER100417/MOHD_ER100417_R2.fastq.gz
ER100418	/data/projects/mohd/data/Molecular/3_RNA/MOHD_ER100418/MOHD_ER100418_R1.fastq.gz	/data/projects/mohd/data/Molecular/3_RNA/MOHD_ER100418/MOHD_ER100418_R2.fastq.gz
ER100419	/data/projects/mohd/data/Molecular/3_RNA/MOHD_ER100419/MOHD_ER100419_R1.fastq.gz	/data/projects/mohd/data/Molecular/3_RNA/MOHD_ER100419/MOHD_ER100419_R2.fastq.gz
ER100420	/data/projects/mohd/data/Molecular/3_RNA/MOHD_ER100420/MOHD_ER100420_R1.fastq.gz	/data/projects/mohd/data/Molecular/3_RNA/MOHD_ER100420/MOHD_ER100420_R2.fastq.gz
ER100421	/data/projects/mohd/data/Molecular/3_RNA/MOHD_ER100421/MOHD_ER100421_R1.fastq.gz	/data/projects/mohd/data/Molecular/3_RNA/MOHD_ER100421/MOHD_ER100421_R2.fastq.gz
ER100422	/data/projects/mohd/data/Molecular/3_RNA/MOHD_ER100422/MOHD_ER100422_R1.fastq.gz	/data/projects/mohd/data/Molecular/3_RNA/MOHD_ER100422/MOHD_ER100422_R2.fastq.gz
ER100423	/data/projects/mohd/data/Molecular/3_RNA/MOHD_ER100423/MOHD_ER100423_R1.fastq.gz	/data/projects/mohd/data/Molecular/3_RNA/MOHD_ER100423/MOHD_ER100423_R2.fastq.gz
ER100424	/data/projects/mohd/data/Molecular/3_RNA/MOHD_ER100424/MOHD_ER100424_R1.fastq.gz	/data/projects/mohd/data/Molecular/3_RNA/MOHD_ER100424/MOHD_ER100424_R2.fastq.gz
ER100425	/data/projects/mohd/data/Molecular/3_RNA/MOHD_ER100425/MOHD_ER100425_R1.fastq.gz	/data/projects/mohd/data/Molecular/3_RNA/MOHD_ER100425/MOHD_ER100425_R2.fastq.gz
ER100426	/data/projects/mohd/data/Molecular/3_RNA/MOHD_ER100426/MOHD_ER100426_R1.fastq.gz	/data/projects/mohd/data/Molecular/3_RNA/MOHD_ER100426/MOHD_ER100426_R2.fastq.gz
ER100427	/data/projects/mohd/data/Molecular/3_RNA/MOHD_ER100427/MOHD_ER100427_R1.fastq.gz	/data/projects/mohd/data/Molecular/3_RNA/MOHD_ER100427/MOHD_ER100427_R2.fastq.gz
ER100428	/data/projects/mohd/data/Molecular/3_RNA/MOHD_ER100428/MOHD_ER100428_R1.fastq.gz	/data/projects/mohd/data/Molecular/3_RNA/MOHD_ER100428/MOHD_ER100428_R2.fastq.gz
ER100429	/data/projects/mohd/data/Molecular/3_RNA/MOHD_ER100429/MOHD_ER100429_R1.fastq.gz	/data/projects/mohd/data/Molecular/3_RNA/MOHD_ER100429/MOHD_ER100429_R2.fastq.gz
ER100430	/data/projects/mohd/data/Molecular/3_RNA/MOHD_ER100430/MOHD_ER100430_R1.fastq.gz	/data/projects/mohd/data/Molecular/3_RNA/MOHD_ER100430/MOHD_ER100430_R2.fastq.gz
ER100431	/data/projects/mohd/data/Molecular/3_RNA/MOHD_ER100431/MOHD_ER100431_R1.fastq.gz	/data/projects/mohd/data/Molecular/3_RNA/MOHD_ER100431/MOHD_ER100431_R2.fastq.gz
ER100432	/data/projects/mohd/data/Molecular/3_RNA/MOHD_ER100432/MOHD_ER100432_R1.fastq.gz	/data/projects/mohd/data/Molecular/3_RNA/MOHD_ER100432/MOHD_ER100432_R2.fastq.gz
ER100433	/data/projects/mohd/data/Molecular/3_RNA/MOHD_ER100433/MOHD_ER100433_R1.fastq.gz	/data/projects/mohd/data/Molecular/3_RNA/MOHD_ER100433/MOHD_ER100433_R2.fastq.gz
ER100434	/data/projects/mohd/data/Molecular/3_RNA/MOHD_ER100434/MOHD_ER100434_R1.fastq.gz	/data/projects/mohd/data/Molecular/3_RNA/MOHD_ER100434/MOHD_ER100434_R2.fastq.gz
ER100435	/data/projects/mohd/data/Molecular/3_RNA/MOHD_ER100435/MOHD_ER100435_R1.fastq.gz	/data/projects/mohd/data/Molecular/3_RNA/MOHD_ER100435/MOHD_ER100435_R2.fastq.gz
ER100436	/data/projects/mohd/data/Molecular/3_RNA/MOHD_ER100436/MOHD_ER100436_R1.fastq.gz	/data/projects/mohd/data/Molecular/3_RNA/MOHD_ER100436/MOHD_ER100436_R2.fastq.gz
ER100437	/data/projects/mohd/data/Molecular/3_RNA/MOHD_ER100437/MOHD_ER100437_R1.fastq.gz	/data/projects/mohd/data/Molecular/3_RNA/MOHD_ER100437/MOHD_ER100437_R2.fastq.gz
ER100438	/data/projects/mohd/data/Molecular/3_RNA/MOHD_ER100438/MOHD_ER100438_R1.fastq.gz	/data/projects/mohd/data/Molecular/3_RNA/MOHD_ER100438/MOHD_ER100438_R2.fastq.gz
ER100439	/data/projects/mohd/data/Molecular/3_RNA/MOHD_ER100439/MOHD_ER100439_R1.fastq.gz	/data/projects/mohd/data/Molecular/3_RNA/MOHD_ER100439/MOHD_ER100439_R2.fastq.gz
ER100440	/data/projects/mohd/data/Molecular/3_RNA/MOHD_ER100440/MOHD_ER100440_R1.fastq.gz	/data/projects/mohd/data/Molecular/3_RNA/MOHD_ER100440/MOHD_ER100440_R2.fastq.gz
ER100441	/data/projects/mohd/data/Molecular/3_RNA/MOHD_ER100441/MOHD_ER100441_R1.fastq.gz	/data/projects/mohd/data/Molecular/3_RNA/MOHD_ER100441/MOHD_ER100441_R2.fastq.gz
ER100442	/data/projects/mohd/data/Molecular/3_RNA/MOHD_ER100442/MOHD_ER100442_R1.fastq.gz	/data/projects/mohd/data/Molecular/3_RNA/MOHD_ER100442/MOHD_ER100442_R2.fastq.gz
ER100443	/data/projects/mohd/data/Molecular/3_RNA/MOHD_ER100443/MOHD_ER100443_R1.fastq.gz	/data/projects/mohd/data/Molecular/3_RNA/MOHD_ER100443/MOHD_ER100443_R2.fastq.gz
ER100444	/data/projects/mohd/data/Molecular/3_RNA/MOHD_ER100444/MOHD_ER100444_R1.fastq.gz	/data/projects/mohd/data/Molecular/3_RNA/MOHD_ER100444/MOHD_ER100444_R2.fastq.gz
ER100445	/data/projects/mohd/data/Molecular/3_RNA/MOHD_ER100445/MOHD_ER100445_R1.fastq.gz	/data/projects/mohd/data/Molecular/3_RNA/MOHD_ER100445/MOHD_ER100445_R2.fastq.gz
ER100446	/data/projects/mohd/data/Molecular/3_RNA/MOHD_ER100446/MOHD_ER100446_R1.fastq.gz	/data/projects/mohd/data/Molecular/3_RNA/MOHD_ER100446/MOHD_ER100446_R2.fastq.gz
ER100447	/data/projects/mohd/data/Molecular/3_RNA/MOHD_ER100447/MOHD_ER100447_R1.fastq.gz	/data/projects/mohd/data/Molecular/3_RNA/MOHD_ER100447/MOHD_ER100447_R2.fastq.gz
ER100448	/data/projects/mohd/data/Molecular/3_RNA/MOHD_ER100448/MOHD_ER100448_R1.fastq.gz	/data/projects/mohd/data/Molecular/3_RNA/MOHD_ER100448/MOHD_ER100448_R2.fastq.gz
ER100449	/data/projects/mohd/data/Molecular/3_RNA/MOHD_ER100449/MOHD_ER100449_R1.fastq.gz	/data/projects/mohd/data/Molecular/3_RNA/MOHD_ER100449/MOHD_ER100449_R2.fastq.gz
ER100450	/data/projects/mohd/data/Molecular/3_RNA/MOHD_ER100450/MOHD_ER100450_R1.fastq.gz	/data/projects/mohd/data/Molecular/3_RNA/MOHD_ER100450/MOHD_ER100450_R2.fastq.gz
ER100451	/data/projects/mohd/data/Molecular/3_RNA/MOHD_ER100451/MOHD_ER100451_R1.fastq.gz	/data/projects/mohd/data/Molecular/3_RNA/MOHD_ER100451/MOHD_ER100451_R2.fastq.gz
ER100452	/data/projects/mohd/data/Molecular/3_RNA/MOHD_ER100452/MOHD_ER100452_R1.fastq.gz	/data/projects/mohd/data/Molecular/3_RNA/MOHD_ER100452/MOHD_ER100452_R2.fastq.gz
ER100453	/data/projects/mohd/data/Molecular/3_RNA/MOHD_ER100453/MOHD_ER100453_R1.fastq.gz	/data/projects/mohd/data/Molecular/3_RNA/MOHD_ER100453/MOHD_ER100453_R2.fastq.gz
ER100454	/data/projects/mohd/data/Molecular/3_RNA/MOHD_ER100454/MOHD_ER100454_R1.fastq.gz	/data/projects/mohd/data/Molecular/3_RNA/MOHD_ER100454/MOHD_ER100454_R2.fastq.gz
ER100455	/data/projects/mohd/data/Molecular/3_RNA/MOHD_ER100455/MOHD_ER100455_R1.fastq.gz	/data/projects/mohd/data/Molecular/3_RNA/MOHD_ER100455/MOHD_ER100455_R2.fastq.gz
ER100456	/data/projects/mohd/data/Molecular/3_RNA/MOHD_ER100456/MOHD_ER100456_R1.fastq.gz	/data/projects/mohd/data/Molecular/3_RNA/MOHD_ER100456/MOHD_ER100456_R2.fastq.gz
ER100457	/data/projects/mohd/data/Molecular/3_RNA/MOHD_ER100457/MOHD_ER100457_R1.fastq.gz	/data/projects/mohd/data/Molecular/3_RNA/MOHD_ER100457/MOHD_ER100457_R2.fastq.gz
ER100458	/data/projects/mohd/data/Molecular/3_RNA/MOHD_ER100458/MOHD_ER100458_R1.fastq.gz	/data/projects/mohd/data/Molecular/3_RNA/MOHD_ER100458/MOHD_ER100458_R2.fastq.gz
ER100459	/data/projects/mohd/data/Molecular/3_RNA/MOHD_ER100459/MOHD_ER100459_R1.fastq.gz	/data/projects/mohd/data/Molecular/3_RNA/MOHD_ER100459/MOHD_ER100459_R2.fastq.gz
ER100460	/data/projects/mohd/data/Molecular/3_RNA/MOHD_ER100460/MOHD_ER100460_R1.fastq.gz	/data/projects/mohd/data/Molecular/3_RNA/MOHD_ER100460/MOHD_ER100460_R2.fastq.gz
ER100461	/data/projects/mohd/data/Molecular/3_RNA/MOHD_ER100461/MOHD_ER100461_R1.fastq.gz	/data/projects/mohd/data/Molecular/3_RNA/MOHD_ER100461/MOHD_ER100461_R2.fastq.gz
ER100462	/data/projects/mohd/data/Molecular/3_RNA/MOHD_ER100462/MOHD_ER100462_R1.fastq.gz	/data/projects/mohd/data/Molecular/3_RNA/MOHD_ER100462/MOHD_ER100462_R2.fastq.gz
ER100463	/data/projects/mohd/data/Molecular/3_RNA/MOHD_ER100463/MOHD_ER100463_R1.fastq.gz	/data/projects/mohd/data/Molecular/3_RNA/MOHD_ER100463/MOHD_ER100463_R2.fastq.gz
ER100464	/data/projects/mohd/data/Molecular/3_RNA/MOHD_ER100464/MOHD_ER100464_R1.fastq.gz	/data/projects/mohd/data/Molecular/3_RNA/MOHD_ER100464/MOHD_ER100464_R2.fastq.gz
ER100465	/data/projects/mohd/data/Molecular/3_RNA/MOHD_ER100465/MOHD_ER100465_R1.fastq.gz	/data/projects/mohd/data/Molecular/3_RNA/MOHD_ER100465/MOHD_ER100465_R2.fastq.gz
ER100466	/data/projects/mohd/data/Molecular/3_RNA/MOHD_ER100466/MOHD_ER100466_R1.fastq.gz	/data/projects/mohd/data/Molecular/3_RNA/MOHD_ER100466/MOHD_ER100466_R2.fastq.gz
ER100467	/data/projects/mohd/data/Molecular/3_RNA/MOHD_ER100467/MOHD_ER100467_R1.fastq.gz	/data/projects/mohd/data/Molecular/3_RNA/MOHD_ER100467/MOHD_ER100467_R2.fastq.gz
ER100468	/data/projects/mohd/data/Molecular/3_RNA/MOHD_ER100468/MOHD_ER100468_R1.fastq.gz	/data/projects/mohd/data/Molecular/3_RNA/MOHD_ER100468/MOHD_ER100468_R2.fastq.gz
ER100469	/data/projects/mohd/data/Molecular/3_RNA/MOHD_ER100469/MOHD_ER100469_R1.fastq.gz	/data/projects/mohd/data/Molecular/3_RNA/MOHD_ER100469/MOHD_ER100469_R2.fastq.gz
ER100470	/data/projects/mohd/data/Molecular/3_RNA/MOHD_ER100470/MOHD_ER100470_R1.fastq.gz	/data/projects/mohd/data/Molecular/3_RNA/MOHD_ER100470/MOHD_ER100470_R2.fastq.gz
ER100471	/data/projects/mohd/data/Molecular/3_RNA/MOHD_ER100471/MOHD_ER100471_R1.fastq.gz	/data/projects/mohd/data/Molecular/3_RNA/MOHD_ER100471/MOHD_ER100471_R2.fastq.gz
ER100472	/data/projects/mohd/data/Molecular/3_RNA/MOHD_ER100472/MOHD_ER100472_R1.fastq.gz	/data/projects/mohd/data/Molecular/3_RNA/MOHD_ER100472/MOHD_ER100472_R2.fastq.gz
ER100473	/data/projects/mohd/data/Molecular/3_RNA/MOHD_ER100473/MOHD_ER100473_R1.fastq.gz	/data/projects/mohd/data/Molecular/3_RNA/MOHD_ER100473/MOHD_ER100473_R2.fastq.gz
ER100474	/data/projects/mohd/data/Molecular/3_RNA/MOHD_ER100474/MOHD_ER100474_R1.fastq.gz	/data/projects/mohd/data/Molecular/3_RNA/MOHD_ER100474/MOHD_ER100474_R2.fastq.gz
ER100475	/data/projects/mohd/data/Molecular/3_RNA/MOHD_ER100475/MOHD_ER100475_R1.fastq.gz	/data/projects/mohd/data/Molecular/3_RNA/MOHD_ER100475/MOHD_ER100475_R2.fastq.gz
